chunk_id,source_id,sport,category,title,organization,text
C0001,S01,Soccer,Training,FIFA Training Principles for Youth and Amateur Football,FIFA,"SOURCE: FIFA Training Principles for Youth and Amateur Football (2023) ORGANIZATION: FIFA - Fédération Internationale de Football Association CATEGORY: Soccer - Training ------------------------------------------------------------ OVERVIEW FIFA's training guidelines emphasize that soccer training for beginner to intermediate players should be built around a balance of technical skill development, physical conditioning, and tactical awareness. Training should be progressive, meaning load and intensity increase gradually over weeks and months. TRAINING PRINCIPLES 1. Frequency: Beginner players should train 2–3 sessions per week. Intermediate players can increase to 4–5 sessions, including one match. 2. Duration: Sessions should last 60–90 minutes. Youth and beginner sessions should be shorter (45–60 minutes). 3. Intensity: Training should include low, moderate, and high-intensity phases. FIFA recommends using small-sided games (SSGs) as a high-intensity training tool that also builds decision-making. 4. Recovery: At least one full rest day should follow high-intensity sessions. PHYSICAL DEVELOPMENT COMPONENTS - Aerobic capacity: Build endurance through interval"
C0002,S01,Soccer,Training,FIFA Training Principles for Youth and Amateur Football,FIFA,"a high-intensity training tool that also builds decision-making. 4. Recovery: At least one full rest day should follow high-intensity sessions. PHYSICAL DEVELOPMENT COMPONENTS - Aerobic capacity: Build endurance through interval runs and continuous running. Beginners should target 70–80% max heart rate during conditioning blocks. - Speed and agility: Include 5–10 meters of acceleration drills, direction changes, and reactive agility. - Strength: Basic lower-body strength (squats, lunges) improves kicking power and injury prevention. - Flexibility and mobility: Dynamic warm-ups and static cool-down stretching after every session. SMALL-SIDED GAMES (SSG) APPROACH SSGs (e.g., 3v3, 4v4, 5v5) are recommended for all player levels because they: - Increase touches on the ball - Develop tactical decision-making under pressure - Naturally create high-intensity intervals followed by rest - Are more engaging than isolated running drills PERIODIZATION FOR AMATEUR PLAYERS - Pre-season: Focus on aerobic base, technical skills - In-season: Maintain fitness, refine tactics - Post-season:"
C0003,S01,Soccer,Training,FIFA Training Principles for Youth and Amateur Football,FIFA,"by rest - Are more engaging than isolated running drills PERIODIZATION FOR AMATEUR PLAYERS - Pre-season: Focus on aerobic base, technical skills - In-season: Maintain fitness, refine tactics - Post-season: Active recovery, reduce load by 50% SAMPLE WEEKLY PLAN (Intermediate, 4 training days) - Monday: Technical drill session (60 min) - Tuesday: Aerobic interval run + strength (75 min) - Wednesday: Rest - Thursday: Small-sided games (75 min) - Saturday: Match day - Sunday: Rest or light recovery walk INJURY PREVENTION FIFA's 11+ warm-up program is recommended before every session for players aged 14+. It includes running, strength, and balance exercises, and has been shown to reduce injury rates by 30–50%. KEY TAKEAWAYS FOR ATHLETES - Progress training load gradually - Prioritize technical skill and game intelligence alongside fitness - Never skip warm-up and cool-down - Rest is part of the training process, not a weakness"
C0004,S01,Soccer,Training,FIFA Training Principles for Youth and Amateur Football,FIFA,"- Prioritize technical skill and game intelligence alongside fitness - Never skip warm-up and cool-down - Rest is part of the training process, not a weakness"
C0005,S02,Soccer,Training,UEFA Football Performance Program - Conditioning Guidelines,UEFA,"SOURCE: UEFA Football Performance Program - Conditioning Guidelines (2022) ORGANIZATION: Union of European Football Associations (UEFA) CATEGORY: Soccer - Training ------------------------------------------------------------ OVERVIEW UEFA's coaching and performance program establishes conditioning benchmarks and training structures for amateur and club-level football players. The program emphasizes integrated training — combining physical, technical, and mental components rather than training them in isolation. PHYSICAL PERFORMANCE BENCHMARKS (Amateur/Intermediate Level) - A mid-level amateur player covers 8–10 km per match - High-intensity runs account for 1–2 km of that distance - Sprint speed targets: 25–28 km/h achievable for recreational players CONDITIONING COMPONENTS 1. Aerobic Endurance - Foundation for all soccer actions - Methods: continuous runs at 65–75% HRmax, Yo-Yo Intermittent Recovery Test used for assessment - Recommended: 2 aerobic-focused sessions per week during pre-season 2. Anaerobic Power / High-Intensity Efforts - Soccer involves repeated short bursts (5–15 m) - Training: interval sprints, repeated sprint ability (RSA) drills -"
C0006,S02,Soccer,Training,UEFA Football Performance Program - Conditioning Guidelines,UEFA,"aerobic-focused sessions per week during pre-season 2. Anaerobic Power / High-Intensity Efforts - Soccer involves repeated short bursts (5–15 m) - Training: interval sprints, repeated sprint ability (RSA) drills - RSA protocol: 6–10 x 30m sprints with 30-second recovery 3. Strength and Power - Lower body: squat, single-leg press, hip thrust - Core: planks, rotational strength for kicking and shielding - Upper body: push/pull for physical duels 4. Coordination and Agility - Cone drills, ladder drills, reactive agility with decision trigger (light or sound cue) TRAINING LOAD MANAGEMENT - UEFA recommends monitoring training load using RPE (Rate of Perceived Exertion) scale - Beginner: keep weekly load moderate; avoid sudden spikes (>10% week-to-week increase) - Intermediate: can sustain higher volume; monitor fatigue signs INTEGRATED TRAINING SESSION STRUCTURE A standard UEFA-aligned session follows this flow: 1. Warm-up (FIFA 11+ or UEFA equivalent) — 15 min 2. Technical block — 20 min 3."
C0007,S02,Soccer,Training,UEFA Football Performance Program - Conditioning Guidelines,UEFA,"fatigue signs INTEGRATED TRAINING SESSION STRUCTURE A standard UEFA-aligned session follows this flow: 1. Warm-up (FIFA 11+ or UEFA equivalent) — 15 min 2. Technical block — 20 min 3. Physical conditioning or SSG — 25 min 4. Tactical game or set piece — 15 min 5. Cool-down and stretching — 10 min MENTAL AND TACTICAL COMPONENTS - UEFA emphasizes that physical training alone is insufficient - Position-specific conditioning (e.g., wingers need more sprint training than central defenders) - Decision-making under physical fatigue is a trainable skill PLAYER DEVELOPMENT FRAMEWORK - Beginner stage: Learn basic movement patterns and rules; low-intensity conditioning - Intermediate stage: Build aerobic base; introduce structured conditioning - Advanced stage: Periodized training, sport-science monitoring KEY TAKEAWAYS - Physical fitness and technical skill develop best together - Monitor load and avoid overtraining - Use RSA drills to specifically train repeated sprint ability - Match demands should guide practice"
C0008,S02,Soccer,Training,UEFA Football Performance Program - Conditioning Guidelines,UEFA,Physical fitness and technical skill develop best together - Monitor load and avoid overtraining - Use RSA drills to specifically train repeated sprint ability - Match demands should guide practice design
C0009,S03,Soccer,Nutrition,Pre-match and Match-day Nutrition for Soccer Players,FIFA Medical Assessment and Research Centre,"SOURCE: Pre-match and Match-day Nutrition for Soccer Players (2022) ORGANIZATION: FIFA Medical Assessment and Research Centre (F-MARC) CATEGORY: Soccer - Nutrition ------------------------------------------------------------ OVERVIEW FIFA's F-MARC nutrition guidelines provide evidence-based recommendations for soccer players at all levels. Proper nutrition fuels performance, supports recovery, and reduces injury risk. This document focuses on pre-match, during-match, and post-match nutrition. CARBOHYDRATE REQUIREMENTS - Soccer is a high-intensity, intermittent sport heavily reliant on carbohydrates (glycogen stores) - Total carbohydrate intake on training days: 5–7 g/kg body weight - On match days: 7–10 g/kg body weight (higher demand due to match intensity) - Pre-match meal (3–4 hours before): 1–4 g/kg of low-fiber, easily digestible carbohydrates - Examples: white rice, pasta, bread, bananas, sports drinks - During match (if >60 min): 30–60 g of carbohydrate per hour from drinks or gels - Post-match: 1.0–1.5 g/kg body weight within the first 30–45 minutes PROTEIN REQUIREMENTS - Daily protein: 1.4–1.7"
C0010,S03,Soccer,Nutrition,Pre-match and Match-day Nutrition for Soccer Players,FIFA Medical Assessment and Research Centre,"(if >60 min): 30–60 g of carbohydrate per hour from drinks or gels - Post-match: 1.0–1.5 g/kg body weight within the first 30–45 minutes PROTEIN REQUIREMENTS - Daily protein: 1.4–1.7 g/kg body weight for soccer players - Protein is critical for muscle repair, especially post-match - Post-match protein target: 20–25 g high-quality protein within 2 hours - Examples: chicken breast, Greek yogurt, milk, eggs, whey protein if needed HYDRATION - Pre-match: Drink 5–7 mL/kg body weight in the 2–4 hours before kickoff - During match: Sip 150–250 mL every 15–20 minutes (use half-time and stoppages) - Post-match: Replace 150% of fluid lost (weigh before and after, drink 1.5L per kg of weight lost) FAT AND MICRONUTRIENTS - Fat intake should not be excessive before matches (slows digestion) - Iron, calcium, and vitamin D are commonly insufficient in female soccer players - Antioxidant-rich foods (vegetables, fruits) support recovery COMMON NUTRITION MISTAKES"
C0011,S03,Soccer,Nutrition,Pre-match and Match-day Nutrition for Soccer Players,FIFA Medical Assessment and Research Centre,"not be excessive before matches (slows digestion) - Iron, calcium, and vitamin D are commonly insufficient in female soccer players - Antioxidant-rich foods (vegetables, fruits) support recovery COMMON NUTRITION MISTAKES - Skipping pre-match meal or eating too close to kickoff (< 1 hour) - Relying only on water without carbohydrate replacement during long matches - Not eating within the post-match recovery window - Over-relying on protein while neglecting carbohydrates PRACTICAL SAMPLE MEAL PLAN (Match Day) - 7:00am Breakfast (4 hrs before 11am match): Oatmeal with banana, toast with jam, 500 mL water - 9:30am Pre-match snack: Small granola bar, 250 mL sports drink - During match: 500 mL sports drink at halftime - Post-match: Chocolate milk + chicken sandwich + 750 mL water - Evening: Pasta with lean protein and vegetables KEY TAKEAWAYS - Carbohydrates are the primary fuel for soccer; do not restrict them - Protein supports recovery; eat"
C0012,S03,Soccer,Nutrition,Pre-match and Match-day Nutrition for Soccer Players,FIFA Medical Assessment and Research Centre,"750 mL water - Evening: Pasta with lean protein and vegetables KEY TAKEAWAYS - Carbohydrates are the primary fuel for soccer; do not restrict them - Protein supports recovery; eat some protein after every training or match - Hydration affects performance and cognitive function significantly - Timing matters — eat at the right times, not just the right foods"
C0013,S04,Soccer,Nutrition,Carbohydrate Intake and Soccer Performance - ISSN Review,International Society of Sports Nutrition,"SOURCE: Carbohydrate Intake and Soccer Performance - ISSN Review (2021) ORGANIZATION: International Society of Sports Nutrition (ISSN) CATEGORY: Soccer - Nutrition ------------------------------------------------------------ OVERVIEW The International Society of Sports Nutrition (ISSN) position stand on carbohydrates and exercise performance confirms that carbohydrate availability is one of the most important nutritional factors for intermittent high-intensity sports like soccer. This document summarizes the key ISSN positions as applied to soccer athletes. KEY ISSN POSITIONS ON CARBOHYDRATES 1. Carbohydrates Are Essential for High-Intensity Sport - Muscle glycogen is the primary fuel during high-intensity efforts (sprinting, pressing, defending) - Low glycogen impairs both physical performance and decision-making - Soccer players who start a match with depleted glycogen perform significantly worse in the second half 2. Recommended Daily Carbohydrate Intake for Soccer - Light training day: 3–5 g/kg body weight - Moderate training day: 5–7 g/kg body weight - High-intensity training or match day: 6–10 g/kg body"
C0014,S04,Soccer,Nutrition,Carbohydrate Intake and Soccer Performance - ISSN Review,International Society of Sports Nutrition,"Daily Carbohydrate Intake for Soccer - Light training day: 3–5 g/kg body weight - Moderate training day: 5–7 g/kg body weight - High-intensity training or match day: 6–10 g/kg body weight - Example: A 70 kg player should consume 420–700 g of carbohydrates on a match day 3. Carbohydrate Loading Before Competition - For matches or tournaments lasting 90+ minutes, carbohydrate loading in the 24–48 hours prior is beneficial - Strategy: Increase carbohydrate intake to 8–12 g/kg body weight while reducing training intensity - Glycogen stores can increase by 10–20% with proper loading 4. Intra-Match Carbohydrate Use - Consuming 30–60 g/hr of carbohydrate during a match maintains blood glucose and delays fatigue - Sources: sports drinks (6–8% carbohydrate concentration), energy gels, banana pieces - Mouth rinsing with carbohydrate solution (without swallowing) may also improve performance when full intake is not possible 5. Post-Match Glycogen Replenishment - Immediate replenishment (within 30"
C0015,S04,Soccer,Nutrition,Carbohydrate Intake and Soccer Performance - ISSN Review,International Society of Sports Nutrition,"gels, banana pieces - Mouth rinsing with carbohydrate solution (without swallowing) may also improve performance when full intake is not possible 5. Post-Match Glycogen Replenishment - Immediate replenishment (within 30 minutes) is most efficient - Rate: 1.0–1.5 g/kg body weight in the first hour - Combine with 20 g of protein to enhance glycogen synthesis and begin muscle repair FOOD SOURCES OF CARBOHYDRATES - Fast-digesting (good pre/during/post match): white rice, white bread, bananas, sports drinks, energy gels, fruit juice - Slow-digesting (good for daily intake): oatmeal, whole grain pasta, sweet potatoes, legumes, brown rice PRACTICAL APPLICATIONS - Beginner players often underestimate carbohydrate needs - Do not restrict carbohydrates in an attempt to lose weight during a competitive season - Distribute carbohydrate intake throughout the day; do not eat all in one meal - Plan post-training nutrition as seriously as pre-training nutrition COMMON MISCONCEPTIONS - ""Carbs make you fat"" — FALSE"
C0016,S04,Soccer,Nutrition,Carbohydrate Intake and Soccer Performance - ISSN Review,International Society of Sports Nutrition,"carbohydrate intake throughout the day; do not eat all in one meal - Plan post-training nutrition as seriously as pre-training nutrition COMMON MISCONCEPTIONS - ""Carbs make you fat"" — FALSE for athletes in active training; carbs fuel performance - ""You only need carbs on game day"" — FALSE; daily carbohydrate intake supports training adaptations - ""Protein is more important than carbs for athletes"" — INCORRECT for intermittent sports; carbs are primary fuel KEY TAKEAWAYS - Match-day carbohydrate intake should be 6–10 g/kg body weight - Carbohydrate loading 24–48 hrs before competition can improve performance - Intra-match carbohydrate intake (30–60 g/hr) delays fatigue - Post-match recovery window is 30–45 minutes for optimal replenishment"
C0017,S05,Soccer,Recovery,Recovery Strategies for Soccer - Sleep and Active Recovery,ACSM,"SOURCE: Recovery Strategies for Soccer - Sleep and Active Recovery (2022) ORGANIZATION: American College of Sports Medicine (ACSM) CATEGORY: Soccer - Recovery ------------------------------------------------------------ OVERVIEW Recovery is a critical and often neglected component of soccer training. ACSM guidelines emphasize that without adequate recovery, training adaptations are impaired, injury risk increases, and performance declines. This document covers sleep, active recovery, and passive recovery strategies for soccer athletes. SLEEP — THE MOST IMPORTANT RECOVERY TOOL 1. Recommended Sleep Duration - Adults: 7–9 hours per night - Adolescent athletes (14–18): 9–10 hours strongly recommended - Elite soccer players average only 6.5–7 hours — this is a performance deficit 2. Sleep Quality Matters as Much as Duration - Avoid screens (blue light) 60–90 minutes before bed - Keep room cool (65–68°F / 18–20°C) and dark - Consistent sleep/wake schedule, even on weekends 3. Sleep and Performance Research - Athletes who slept 10 hours/night for 5–7"
C0018,S05,Soccer,Recovery,Recovery Strategies for Soccer - Sleep and Active Recovery,ACSM,"bed - Keep room cool (65–68°F / 18–20°C) and dark - Consistent sleep/wake schedule, even on weekends 3. Sleep and Performance Research - Athletes who slept 10 hours/night for 5–7 weeks showed improved sprint times, accuracy, and reaction time - Sleep deprivation (< 6 hours) reduces reaction time, impairs decision-making, and increases injury risk by up to 1.7x 4. Napping - A 20–30 minute nap between 1–3 PM can reduce fatigue without disrupting nighttime sleep - Especially useful on match days or during tournament play ACTIVE RECOVERY 1. What Is Active Recovery? - Low-intensity movement performed after high-intensity exercise to accelerate recovery - Goal: flush metabolic waste products (lactate), maintain blood flow, reduce stiffness 2. Recommended Active Recovery Methods for Soccer - Light jogging or walking: 10–20 minutes at 50–60% max heart rate - Swimming or pool walking: low-impact, highly effective - Cycling (low resistance): promotes circulation without joint stress"
C0019,S05,Soccer,Recovery,Recovery Strategies for Soccer - Sleep and Active Recovery,ACSM,"Soccer - Light jogging or walking: 10–20 minutes at 50–60% max heart rate - Swimming or pool walking: low-impact, highly effective - Cycling (low resistance): promotes circulation without joint stress - Dynamic stretching and mobility work: hip circles, leg swings, shoulder rolls 3. Timing - Day after a match: Active recovery session (20–30 min) is more beneficial than complete rest - Do NOT train at high intensity within 24 hours of a match if recovery is suboptimal PASSIVE RECOVERY STRATEGIES 1. Cold Water Immersion (CWI) - 10–15 minutes in water at 10–15°C - Shown to reduce muscle soreness and perceived fatigue within 24 hours post-match - Used by professional clubs routinely 2. Contrast Water Therapy - Alternating hot and cold water exposure (1 min hot, 1 min cold, 3–5 cycles) - May reduce delayed onset muscle soreness (DOMS) 3. Compression Garments - Wearing compression tights/socks post-match may reduce swelling and"
C0020,S05,Soccer,Recovery,Recovery Strategies for Soccer - Sleep and Active Recovery,ACSM,"water exposure (1 min hot, 1 min cold, 3–5 cycles) - May reduce delayed onset muscle soreness (DOMS) 3. Compression Garments - Wearing compression tights/socks post-match may reduce swelling and soreness - Evidence is moderate; works better for some athletes than others 4. Foam Rolling / Soft Tissue Work - Self-myofascial release reduces tissue tightness - 5–10 minutes post-session targeting quadriceps, hamstrings, calves, IT band PSYCHOLOGICAL RECOVERY - Mindfulness and mental decompression are part of full recovery - Post-match stress (analysis, social media, adrenaline) can delay sleep - Recommended: breathing exercises or journaling to decompress post-match SAMPLE RECOVERY WEEK (After Match on Saturday) - Saturday (post-match): CWI, protein + carb meal, 8+ hours sleep - Sunday: Active recovery — 20 min walk/swim + foam rolling - Monday: Light technical session (no high-intensity conditioning) - Tuesday: Return to full training KEY TAKEAWAYS - Sleep is the #1 recovery tool — protect"
C0021,S05,Soccer,Recovery,Recovery Strategies for Soccer - Sleep and Active Recovery,ACSM,min walk/swim + foam rolling - Monday: Light technical session (no high-intensity conditioning) - Tuesday: Return to full training KEY TAKEAWAYS - Sleep is the #1 recovery tool — protect it - Active recovery outperforms complete rest for soccer players - Cold water immersion reduces soreness effectively - Recovery is as important as training — plan it deliberately
C0022,S06,Soccer,Recovery,Hydration Strategies for Team Sport Athletes,GSSI - Gatorade Sports Science Institute,"SOURCE: Hydration Strategies for Team Sport Athletes (2021) ORGANIZATION: Gatorade Sports Science Institute (GSSI) CATEGORY: Soccer - Recovery / Hydration ------------------------------------------------------------ OVERVIEW Hydration is one of the most directly impactful and most commonly neglected performance factors in team sports. Even mild dehydration (1–2% of body weight) measurably reduces physical and cognitive performance. This GSSI document summarizes hydration guidelines for team sport athletes, with specific applications for soccer. WHY HYDRATION MATTERS - Dehydration of just 1% body weight reduces aerobic capacity - Dehydration of 2% impairs decision-making, reaction time, and skill execution - Core body temperature rises faster when dehydrated, increasing heat illness risk - Soccer players lose 1–2.5 liters of sweat per hour depending on heat and intensity SWEAT RATE AND ELECTROLYTE LOSS - Average sweat rate: 1–2 L/hour (higher in hot or humid conditions) - Sweat contains sodium (primary), potassium, chloride, and magnesium - Sodium loss: 500–1,500 mg per"
C0023,S06,Soccer,Recovery,Hydration Strategies for Team Sport Athletes,GSSI - Gatorade Sports Science Institute,"AND ELECTROLYTE LOSS - Average sweat rate: 1–2 L/hour (higher in hot or humid conditions) - Sweat contains sodium (primary), potassium, chloride, and magnesium - Sodium loss: 500–1,500 mg per liter of sweat - Replacing sodium is essential — plain water alone can cause hyponatremia (low blood sodium) if consumed in excessive quantities without electrolytes HYDRATION RECOMMENDATIONS FOR SOCCER PLAYERS 1. Before Training / Match - Urine should be pale yellow (like lemonade) — not clear, not dark - Drink 400–600 mL of water or sports drink 2 hours before - Drink an additional 200 mL right before kickoff 2. During Training / Match - Take advantage of every stoppage, corner kick, and halftime to hydrate - Aim for 150–250 mL every 15–20 minutes - Use sports drinks (6–8% carbohydrate + electrolytes) for sessions >60 minutes - In hot weather, increase fluid intake further 3. After Training / Match -"
C0024,S06,Soccer,Recovery,Hydration Strategies for Team Sport Athletes,GSSI - Gatorade Sports Science Institute,"mL every 15–20 minutes - Use sports drinks (6–8% carbohydrate + electrolytes) for sessions >60 minutes - In hot weather, increase fluid intake further 3. After Training / Match - Weigh yourself before and after training - Drink 1.5 liters of fluid for every 1 kg of body weight lost - Include sodium (sports drink, salty snack, broth) to speed rehydration and retain fluids - Full rehydration typically takes 4–6 hours SPORTS DRINKS vs. WATER - Water is sufficient for sessions < 60 minutes in mild conditions - Sports drinks are superior for sessions > 60 minutes because they: - Provide carbohydrates for energy - Contain electrolytes that enhance fluid absorption and retention - Taste better, which encourages athletes to drink more SIGNS OF DEHYDRATION - Dark urine - Dry mouth, headache - Muscle cramps - Dizziness or lightheadedness - Reduced concentration or irritability HEAT-RELATED RISK MANAGEMENT - Acclimatize to"
C0025,S06,Soccer,Recovery,Hydration Strategies for Team Sport Athletes,GSSI - Gatorade Sports Science Institute,"drink more SIGNS OF DEHYDRATION - Dark urine - Dry mouth, headache - Muscle cramps - Dizziness or lightheadedness - Reduced concentration or irritability HEAT-RELATED RISK MANAGEMENT - Acclimatize to hot conditions over 7–14 days before competing in heat - Pre-cooling strategies (cold towel, ice vest) reduce thermal strain before kickoff - Recognize signs of heat exhaustion: heavy sweating, weakness, cold/pale clammy skin — stop activity immediately PRACTICAL HYDRATION TIPS - Bring your own labeled water bottle to every practice — do not share - Start hydrating the day before a match, not just on match day - Avoid excessive caffeine and alcohol (both are diuretics) - Coffee in moderation (1–2 cups) does not cause dehydration at normal intake levels KEY TAKEAWAYS - Dehydration starts impacting performance at just 1–2% body weight loss - Drink 400–600 mL 2 hours before, 150–250 mL every 15–20 minutes during - Replace 150% of"
C0026,S06,Soccer,Recovery,Hydration Strategies for Team Sport Athletes,GSSI - Gatorade Sports Science Institute,"KEY TAKEAWAYS - Dehydration starts impacting performance at just 1–2% body weight loss - Drink 400–600 mL 2 hours before, 150–250 mL every 15–20 minutes during - Replace 150% of fluid lost post-exercise (include electrolytes/sodium) - Sports drinks are better than water for sessions >60 minutes - Monitor urine color daily as a hydration check"
C0027,S07,Tennis,Training,ITF Physical Training Guide for Tennis,International Tennis Federation,"SOURCE: ITF Physical Training Guide for Tennis (2023) ORGANIZATION: International Tennis Federation (ITF) CATEGORY: Tennis - Training ------------------------------------------------------------ OVERVIEW Tennis is an intermittent sport characterized by repeated high-intensity efforts interspersed with short recovery periods. The average point lasts under 10 seconds, but matches can last for hours. Training must address aerobic endurance, anaerobic power, agility, and injury prevention. KEY FITNESS COMPONENTS 1. Aerobic Endurance: Base conditioning to sustain energy over a long match. 2. Anaerobic Power: The ability to execute explosive movements (sprints, jumps) repeatedly. 3. Agility and Change of Direction (COD): Tennis requires lateral, forward, and backward movements. 4. Strength and Power: Core strength for rotational power, shoulder/rotator cuff stability, and leg strength for groundstrokes and serves. 5. Flexibility/Mobility: Key for preventing common injuries (e.g., lower back, shoulder, knees). TRAINING PHASES (Periodization) - Off-Season (4-8 weeks): Focus on building aerobic base and maximal strength. High volume, lower intensity tennis"
C0028,S07,Tennis,Training,ITF Physical Training Guide for Tennis,International Tennis Federation,"Key for preventing common injuries (e.g., lower back, shoulder, knees). TRAINING PHASES (Periodization) - Off-Season (4-8 weeks): Focus on building aerobic base and maximal strength. High volume, lower intensity tennis play. - Pre-Season (3-4 weeks): Shift to anaerobic power, agility, and specific tennis movements. High intensity, moderate volume. - In-Season: Maintain fitness levels. Training volume decreases while match play increases. Focus on recovery and tactical work. - Active Rest (1-3 weeks): Post-season recovery. Low-impact cross-training (swimming, cycling) recommended. SAMPLE WEEKLY PLAN (Intermediate/Pre-Season) - Monday: Tennis Practice (90 min) + Lower Body Strength (45 min) - Tuesday: Tennis Practice (120 min) + Core & Mobility (30 min) - Wednesday: Interval Sprints / Agility Drills (45 min) - Thursday: Match Play (Practice match) - Friday: Tennis Practice (90 min) + Upper Body & Rotator Cuff Strength (45 min) - Saturday: Active Recovery (Light jog or swim) - Sunday: Rest INJURY PREVENTION -"
C0029,S07,Tennis,Training,ITF Physical Training Guide for Tennis,International Tennis Federation,"match) - Friday: Tennis Practice (90 min) + Upper Body & Rotator Cuff Strength (45 min) - Saturday: Active Recovery (Light jog or swim) - Sunday: Rest INJURY PREVENTION - The ""kinetic chain"" (legs to core to shoulder to arm) must be balanced. - Shoulder Care: Perform internal/external rotation exercises with resistance bands daily. - Core Stability: Anti-rotation exercises (e.g., Pallof press) and dynamic planks. KEY TAKEAWAYS - Train movement in all directions (multi-directional agility). - Rotator cuff and core strength are non-negotiable for injury prevention. - Balance aerobic endurance with high-intensity interval training (HIIT)."
C0030,S08,Tennis,Training,USTA High Performance Tennis Conditioning Program,United States Tennis Association,"SOURCE: USTA High Performance Tennis Conditioning Program (2022) ORGANIZATION: United States Tennis Association (USTA) CATEGORY: Tennis - Training ------------------------------------------------------------ OVERVIEW The USTA emphasizes that tennis conditioning must mimic the work-to-rest ratios of actual match play. A typical point lasts 5-10 seconds, followed by 20-25 seconds of rest between points, and 90 seconds between changeovers. ON-COURT CONDITIONING - Spider Drill: Sprinting to 5 different points on the court and returning to the center. Develops multi-directional speed. - Suicides (Lines): Sprinting to the service line, baseline, and back. Focuses on acceleration and deceleration. - Work-to-Rest Ratio: Drills should use a 1:2 or 1:3 work-to-rest ratio to simulate match conditions. Example: 10 seconds of sprinting, 20-30 seconds of rest. STRENGTH TRAINING FOCUS - Lower Body: Squats, lunges, lateral bounds. The power for strokes originates in the legs. - Core: Medicine ball throws (rotational power), cable woodchoppers, heavy carries. - Upper Body: Pull-ups, rows,"
C0031,S08,Tennis,Training,USTA High Performance Tennis Conditioning Program,United States Tennis Association,"Lower Body: Squats, lunges, lateral bounds. The power for strokes originates in the legs. - Core: Medicine ball throws (rotational power), cable woodchoppers, heavy carries. - Upper Body: Pull-ups, rows, push-ups. Pulling exercises should be prioritized to balance the heavy pushing/internal rotation of serving and hitting forehands. PLYOMETRICS - Box jumps, medicine ball slams, and lateral skater jumps improve explosive power. - Beginners should start with low-intensity plyometrics (e.g., jump rope, basic bounding) before progressing to high-impact jumps. KEY TAKEAWAYS - Condition on the court using tennis-specific movements. - Match the work-to-rest ratios of real matches. - Build lower body power for better court coverage and stroke velocity."
C0032,S09,Tennis,Nutrition,Nutritional Considerations for Tennis Players,British Journal of Sports Medicine,"SOURCE: Nutritional Considerations for Tennis Players (2021) ORGANIZATION: British Journal of Sports Medicine (BJSM) CATEGORY: Tennis - Nutrition ------------------------------------------------------------ OVERVIEW Tennis poses unique nutritional challenges because match duration and environmental conditions are highly variable and unpredictable. Players must start matches fully fueled and hydrated, and have strategies to maintain energy during long matches. MACRONUTRIENT NEEDS 1. Carbohydrates (CHO): The main fuel source. - Daily: 5-8 g/kg body weight depending on training load. - Pre-match (3-4 hours prior): 1-4 g/kg CHO. E.g., pasta, rice, bread. - During match: 30-60 g CHO per hour for matches exceeding 90 minutes. E.g., sports drinks, gels, bananas. 2. Protein: Essential for muscle repair. - Daily: 1.4-1.6 g/kg body weight. - Post-match: 20-25 g high-quality protein within 2 hours. 3. Fats: - Provide energy for lower-intensity periods but should be limited pre-match to avoid gastrointestinal (GI) distress. PRE-MATCH NUTRITION - A pre-match meal should be high"
C0033,S09,Tennis,Nutrition,Nutritional Considerations for Tennis Players,British Journal of Sports Medicine,"within 2 hours. 3. Fats: - Provide energy for lower-intensity periods but should be limited pre-match to avoid gastrointestinal (GI) distress. PRE-MATCH NUTRITION - A pre-match meal should be high in carbohydrates, moderate in protein, and low in fat and fiber. - Timing: 3-4 hours before the match. A smaller snack can be consumed 1-2 hours prior. DURING MATCH - Small bites of banana or sips of sports drink at changeovers. - Avoid trying new foods or supplements on match day to prevent stomach issues. POST-MATCH RECOVERY - The 4 R's: Refuel (carbs), Rebuild (protein), Rehydrate (fluids), and Rest. - Consume a recovery snack (e.g., chocolate milk, fruit and yogurt) within 30-45 minutes. KEY TAKEAWAYS - Fuel with carbohydrates before and during matches over 90 minutes. - Eat familiar, easily digestible foods on match day. - Begin recovery fueling within 30-45 minutes post-match."
C0034,S09,Tennis,Nutrition,Nutritional Considerations for Tennis Players,British Journal of Sports Medicine,"and during matches over 90 minutes. - Eat familiar, easily digestible foods on match day. - Begin recovery fueling within 30-45 minutes post-match."
C0035,S10,Tennis,Nutrition,Fueling for Tennis - Carbohydrate and Fluid Strategies,ISSN,"SOURCE: Fueling for Tennis - Carbohydrate and Fluid Strategies (2022) ORGANIZATION: International Society of Sports Nutrition (ISSN) CATEGORY: Tennis - Nutrition ------------------------------------------------------------ OVERVIEW The ISSN highlights the critical role of carbohydrate availability and fluid balance in racquet sports like tennis. Fatigue in tennis is often caused by glycogen depletion or dehydration, both of which impair stroke accuracy, footwork, and decision-making. CARBOHYDRATE STRATEGIES - Match-day fueling: Players should aim for a high-carbohydrate meal (2-3 g/kg) roughly 3 hours before the match. - Intra-match fueling: For matches lasting longer than 1 hour, consuming 30-60 grams of carbohydrates per hour is recommended to maintain blood glucose levels. - Practical sources: Sports drinks (which also provide hydration), energy chews, and ripe bananas are excellent choices during changeovers. HYDRATION AND ELECTROLYTES - Sweat rates in tennis can exceed 1.5-2.0 Liters per hour in hot conditions. - Sodium is the primary electrolyte lost in sweat. Tennis"
C0036,S10,Tennis,Nutrition,Fueling for Tennis - Carbohydrate and Fluid Strategies,ISSN,"choices during changeovers. HYDRATION AND ELECTROLYTES - Sweat rates in tennis can exceed 1.5-2.0 Liters per hour in hot conditions. - Sodium is the primary electrolyte lost in sweat. Tennis players are prone to cramping if sodium is not replaced. - Fluid intake during matches should match sweat loss, typically equating to 150-250 ml (5-8 oz) every 15-minute changeover. TOURNAMENT CONSIDERATIONS - In tournaments with multiple matches per day, immediate post-match refueling is critical. - Players should consume 1.0-1.2 g/kg of carbohydrates along with 20g of protein immediately after their first match. KEY TAKEAWAYS - Maintain blood sugar during play with 30-60g carbs/hour. - Replace fluids and sodium at every changeover to prevent cramping and fatigue. - Rapid refueling is essential during multi-match tournament days."
C0037,S11,Tennis,Recovery,Recovery and Regeneration Practices in Elite Tennis,Journal of Sports Sciences,"SOURCE: Recovery and Regeneration Practices in Elite Tennis (2022) ORGANIZATION: Journal of Sports Sciences (JSS) CATEGORY: Tennis - Recovery ------------------------------------------------------------ OVERVIEW Tennis tournaments often require players to compete on consecutive days, sometimes playing both singles and doubles. Effective recovery is paramount to maintaining performance and minimizing injury risk throughout a tournament. EVIDENCE-BASED RECOVERY MODALITIES 1. Sleep: The foundation of recovery. 8-10 hours is recommended for athletes. Sleep extension before a tournament can improve performance. 2. Cold Water Immersion (CWI): Ice baths (10-15°C for 10-15 minutes) are highly effective at reducing delayed onset muscle soreness (DOMS) and perceived fatigue, particularly during tournaments. 3. Active Recovery: 10-15 minutes of light aerobic exercise (e.g., stationary bike) post-match helps clear metabolic byproducts. 4. Compression Garments: Wearing lower-body compression garments during travel or sleep can aid in reducing swelling and improving venous return. 5. Massage/Foam Rolling: Helps alleviate muscle tightness and improve range of motion."
C0038,S11,Tennis,Recovery,Recovery and Regeneration Practices in Elite Tennis,Journal of Sports Sciences,"Garments: Wearing lower-body compression garments during travel or sleep can aid in reducing swelling and improving venous return. 5. Massage/Foam Rolling: Helps alleviate muscle tightness and improve range of motion. Should be focused on the legs, lower back, and hitting shoulder. TIMING OF RECOVERY - 0-30 min post-match: Cool down, rehydrate, consume recovery snack (carbs + protein). - 30-60 min post-match: CWI or contrast baths, stretching/foam rolling. - 1-3 hours post-match: Full meal, massage. - Evening: High-quality sleep. PSYCHOLOGICAL RECOVERY - Mental fatigue significantly impairs physical performance. - Strategies like mindfulness, reading, or listening to music can help players 'switch off' from competition stress. KEY TAKEAWAYS - Prioritize sleep above all other recovery strategies. - Use cold water immersion to manage soreness during tournaments. - Establish a consistent post-match recovery routine."
C0039,S12,Tennis,Recovery,Cooling and Hydration Strategies in Hot-weather Tennis,ITF Sports Science Committee,"SOURCE: Cooling and Hydration Strategies in Hot-weather Tennis (2023) ORGANIZATION: ITF Sports Science Committee CATEGORY: Tennis - Recovery ------------------------------------------------------------ OVERVIEW Playing tennis in hot environments increases physiological strain, sweat rates, and the risk of heat illness. The ITF provides specific guidelines for managing heat stress through hydration and cooling strategies. PRE-COOLING - Lowering body temperature before the match can delay fatigue. - Strategies: Ingesting ice slurry drinks, wearing ice vests during the warm-up, or applying cold towels to the neck/head. PER-COOLING (During Match) - Using the 90-second changeovers effectively is critical. - Ice towels draped around the neck and over the head. - Drinking cold fluids (0-5°C). - Seeking shade using umbrellas. HYDRATION IN THE HEAT - Thirst is not an adequate indicator of hydration status during play. - Players should weigh themselves pre- and post-practice to calculate specific sweat rates. - Add electrolytes (specifically sodium) to drinks to promote"
C0040,S12,Tennis,Recovery,Cooling and Hydration Strategies in Hot-weather Tennis,ITF Sports Science Committee,"an adequate indicator of hydration status during play. - Players should weigh themselves pre- and post-practice to calculate specific sweat rates. - Add electrolytes (specifically sodium) to drinks to promote fluid retention. - If a player loses >2% body weight, they started the match under-hydrated or drank insufficiently. RECOVERY POST-MATCH IN HEAT - Rapidly cool the body using cold water immersion (ice baths). - Aggressively rehydrate with 150% of weight lost. - Avoid further heat exposure for the rest of the day. KEY TAKEAWAYS - Use ice towels and cold drinks during changeovers in hot weather. - Pre-cooling before the match can improve performance in extreme heat. - Monitor hydration status by weighing in before and after matches."
C0041,S13,Basketball,Training,FIBA Basketball Athletic Development Program,FIBA,"SOURCE: FIBA Basketball Athletic Development Program (2023) ORGANIZATION: International Basketball Federation (FIBA) CATEGORY: Basketball - Training ------------------------------------------------------------ OVERVIEW FIBA's physical development guidelines for basketball focus on the specific demands of the sport: explosive jumping, rapid changes of direction, and repeated sprinting, all interspersed with lower-intensity periods of play. TRAINING PRIORITIES 1. Power and Explosiveness: Vertical jump height is critical for rebounding and shooting. Plyometric training should be a staple. 2. Agility and Quickness: Defensive slides and offensive drives require lateral quickness and rapid deceleration capabilities. 3. Strength: Lower body strength (squats, deadlifts) is the foundation for power. Core strength provides stability in the air and against contact. 4. Conditioning: Basketball is primarily an anaerobic sport. Aerobic conditioning provides a base, but training should focus on high-intensity interval training (HIIT). COURT-BASED CONDITIONING - Suicides (Line Drills): Classic basketball conditioning, emphasizing acceleration and deceleration. - 17s: Running the width of the court"
C0042,S13,Basketball,Training,FIBA Basketball Athletic Development Program,FIBA,"but training should focus on high-intensity interval training (HIIT). COURT-BASED CONDITIONING - Suicides (Line Drills): Classic basketball conditioning, emphasizing acceleration and deceleration. - 17s: Running the width of the court 17 times in roughly one minute. Tests anaerobic capacity. - Slide Drills: Defensive shuffling side-to-side to build lateral endurance and glute strength. PERIODIZATION - Pre-season: High volume of strength and conditioning work to prepare for the season. - In-season: Focus shifts to maintenance and injury prevention. Strength training frequency decreases to 1-2 times per week. INJURY PREVENTION - Ankle sprains and knee injuries (e.g., ACL tears) are common. - Proprioceptive training (balance boards) and eccentric hamstring/quadriceps strengthening are recommended. KEY TAKEAWAYS - Focus conditioning on short, intense bursts rather than long slow distance running. - Develop lower body strength to support jumping power and reduce injury risk. - Maintain strength levels during the competitive season with short, intense workouts."
C0043,S13,Basketball,Training,FIBA Basketball Athletic Development Program,FIBA,"long slow distance running. - Develop lower body strength to support jumping power and reduce injury risk. - Maintain strength levels during the competitive season with short, intense workouts."
C0044,S14,Basketball,Training,NBA Academy - Strength and Conditioning for Young Players,NBA Academy,"SOURCE: NBA Academy - Strength and Conditioning for Young Players (2022) ORGANIZATION: NBA Academy CATEGORY: Basketball - Training ------------------------------------------------------------ OVERVIEW The NBA Academy program focuses on long-term athletic development for youth and junior basketball players, prioritizing movement quality over maximal strength in the early stages. FOUNDATIONAL MOVEMENTS Players must master basic movement patterns before adding significant external load: 1. Squat (Goblet squats before barbell squats) 2. Hinge (Romanian deadlifts, glute bridges) 3. Push (Push-ups, overhead presses) 4. Pull (Inverted rows, pull-ups) 5. Lunge (Multi-directional lunges for court mobility) 6. Carry (Farmer's walks for core stability) DEVELOPING EXPLOSIVENESS - Olympic weightlifting derivatives (e.g., jump shrugs, clean pulls) are used to develop power. - Medicine ball throws (chest passes, rotational throws) mimic the explosive upper-body actions of passing and rebounding. MOBILITY AND FLEXIBILITY - Basketball players often develop tight hips and ankles due to the nature of the sport and footwear. -"
C0045,S14,Basketball,Training,NBA Academy - Strength and Conditioning for Young Players,NBA Academy,"the explosive upper-body actions of passing and rebounding. MOBILITY AND FLEXIBILITY - Basketball players often develop tight hips and ankles due to the nature of the sport and footwear. - Daily mobility routines focusing on ankle dorsiflexion, hip internal/external rotation, and thoracic spine mobility are required. MANAGING GROWING ATHLETES - Growth spurts can temporarily reduce coordination and increase injury risk (e.g., Osgood-Schlatter disease). - During rapid growth phases, training load should be monitored carefully, and jumping volume may need to be reduced. KEY TAKEAWAYS - Master fundamental movement patterns before lifting heavy weights. - Prioritize ankle and hip mobility to counteract the demands of the sport. - Monitor youth athletes carefully during growth spurts to prevent overuse injuries."
C0046,S15,Basketball,Nutrition,Nutritional Strategies for Basketball Performance,Journal of the International Society of Sports Nutrition,"SOURCE: Nutritional Strategies for Basketball Performance (2022) ORGANIZATION: Journal of the International Society of Sports Nutrition (JISSN) CATEGORY: Basketball - Nutrition ------------------------------------------------------------ OVERVIEW Basketball requires short bursts of maximal energy, relying heavily on muscle glycogen. Proper fueling strategies are needed to sustain performance across four quarters and minimize fatigue late in the game. DAILY MACRONUTRIENT RECOMMENDATIONS - Carbohydrates: 5-7 g/kg body weight to replenish glycogen stores during heavy training or multi-game weeks. - Protein: 1.4-1.7 g/kg body weight to support muscle recovery and maintenance, particularly important given the physical contact and eccentric loading (landing) in the sport. - Fats: 20-35% of total caloric intake, focusing on healthy sources (avocados, nuts, olive oil) for general health and hormone production. PRE-GAME FUELING - Consume a meal high in carbohydrates (1-4 g/kg), moderate in protein, and low in fat/fiber 3-4 hours before tip-off. - Example: Grilled chicken breast, large portion of pasta with"
C0047,S15,Basketball,Nutrition,Nutritional Strategies for Basketball Performance,Journal of the International Society of Sports Nutrition,"- Consume a meal high in carbohydrates (1-4 g/kg), moderate in protein, and low in fat/fiber 3-4 hours before tip-off. - Example: Grilled chicken breast, large portion of pasta with tomato sauce, side salad. - A small, easy-to-digest carbohydrate snack (e.g., banana, sports gel) can be consumed 30-60 minutes before the game. IN-GAME NUTRITION - Muscle glycogen depletion is a primary cause of fatigue in the 4th quarter. - Players should aim to consume 30-60g of carbohydrates per hour during the game, primarily through sports drinks during timeouts and halftime. POST-GAME RECOVERY - Target the 4 R's: Refuel, Rebuild, Rehydrate, Rest. - Consume a recovery shake or meal containing carbohydrates and protein (approx. 3:1 or 4:1 ratio) within 45 minutes of the game ending. KEY TAKEAWAYS - Carbohydrates are the critical fuel for high-intensity basketball performance. - Consume a carb-heavy meal 3-4 hours before the game. - Use sports drinks"
C0048,S15,Basketball,Nutrition,Nutritional Strategies for Basketball Performance,Journal of the International Society of Sports Nutrition,of the game ending. KEY TAKEAWAYS - Carbohydrates are the critical fuel for high-intensity basketball performance. - Consume a carb-heavy meal 3-4 hours before the game. - Use sports drinks during the game to maintain energy levels in the second half.
C0049,S16,Basketball,Nutrition,Game-day Hydration and Fueling Protocol for Basketball,ACSM,"SOURCE: Game-day Hydration and Fueling Protocol for Basketball (2021) ORGANIZATION: American College of Sports Medicine (ACSM) CATEGORY: Basketball - Nutrition ------------------------------------------------------------ OVERVIEW The ACSM provides strict fluid replacement guidelines to prevent dehydration, which severely impacts shooting accuracy and defensive positioning in basketball. HYDRATION BEFORE THE GAME - Drink 5-7 ml/kg of body weight of water or sports drink roughly 4 hours prior to tip-off. - If urine is dark or nonexistent, drink an additional 3-5 ml/kg about 2 hours before the game. HYDRATION DURING THE GAME - Basketball is played in climate-controlled environments, but high intensity and heavy uniforms lead to significant sweat rates (1-2 Liters per hour). - Players should drink 150-250 ml of fluid during every timeout and quarter break. - For games where players log high minutes (over 20 minutes of actual playing time), a sports drink containing 6-8% carbohydrates and electrolytes (sodium/potassium) is recommended over plain"
C0050,S16,Basketball,Nutrition,Game-day Hydration and Fueling Protocol for Basketball,ACSM,"quarter break. - For games where players log high minutes (over 20 minutes of actual playing time), a sports drink containing 6-8% carbohydrates and electrolytes (sodium/potassium) is recommended over plain water. REHYDRATION AFTER THE GAME - Players should weigh themselves before and after the game to determine fluid loss. - Drink 1.5 Liters of fluid for every 1 kg of body weight lost. - This fluid should be consumed gradually over the next 2-4 hours, not chugged immediately. - Consuming salty snacks or a sports drink will help the body retain the fluid. KEY TAKEAWAYS - Pre-hydrate 4 hours before the game. - Use timeouts to maintain fluid levels. - Rehydrate aggressively based on weight lost during the game."
C0051,S17,Basketball,Recovery,Recovery Science in Basketball - Protocols and Best Practices,Sports Medicine,"SOURCE: Recovery Science in Basketball - Protocols and Best Practices (2022) ORGANIZATION: Sports Medicine Journal CATEGORY: Basketball - Recovery ------------------------------------------------------------ OVERVIEW Basketball seasons are grueling, often involving 2-3 games per week and extensive travel. Recovery is essential for maintaining jump height, sprint speed, and shooting percentages across the season. SLEEP HYGIENE - Sleep is the most potent recovery modality. - Players should target 8-10 hours of sleep per night. - Napping (20-30 minutes) on game days can improve alertness, particularly when traveling across time zones. ACTIVE RECOVERY AND MOBILITY - The day after a game should involve light aerobic activity (e.g., stationary cycling for 15-20 minutes) to promote blood flow without adding joint stress. - Dynamic stretching and foam rolling should target the calves, quadriceps, and IT bands, which endure heavy eccentric loading from jumping and landing. COLD WATER IMMERSION (CWI) - Ice baths are commonly used post-game to reduce"
C0052,S17,Basketball,Recovery,Recovery Science in Basketball - Protocols and Best Practices,Sports Medicine,"should target the calves, quadriceps, and IT bands, which endure heavy eccentric loading from jumping and landing. COLD WATER IMMERSION (CWI) - Ice baths are commonly used post-game to reduce muscle soreness and inflammation. - Recommended protocol: 10-15°C for 10-15 minutes. - Note: CWI should generally be avoided immediately after strength training sessions if the goal is muscle hypertrophy, but it is highly recommended after games to speed recovery for the next match. COMPRESSION - Wearing compression tights post-game and during travel helps reduce lower limb swelling and improves perceived recovery. KEY TAKEAWAYS - Prioritize 8-10 hours of sleep, supplemented by game-day naps. - Use active recovery the day after a game. - Cold water immersion is effective for quick turnarounds between games."
C0053,S18,Basketball,Recovery,Hydration Monitoring and Recovery for Basketball Players,GSSI,"SOURCE: Hydration Monitoring and Recovery for Basketball Players (2022) ORGANIZATION: Gatorade Sports Science Institute (GSSI) CATEGORY: Basketball - Recovery ------------------------------------------------------------ OVERVIEW GSSI focuses on precise hydration monitoring and post-game recovery tactics for basketball players, recognizing that indoor stadium conditions can still lead to substantial fluid loss. HYDRATION MONITORING - Urine color charts should be posted in locker rooms. Urine should be pale yellow. - Frequent cramping is often a sign of sodium depletion, not just fluid loss. Players prone to cramping should add a sodium supplement or salty snacks to their pre-game routine. RECOVERY NUTRITION TIMING - The ""Anabolic Window"": Consuming a recovery meal or shake within 30-60 minutes post-game maximizes glycogen replenishment and initiates muscle repair. - The recovery meal should contain approx. 1.0-1.2 g/kg of carbohydrates and 20-25g of high-quality protein (e.g., whey, casein, or a soy/pea blend). TRAVEL CONSIDERATIONS - Air travel dehydrates the body. Players should"
C0054,S18,Basketball,Recovery,Hydration Monitoring and Recovery for Basketball Players,GSSI,"meal should contain approx. 1.0-1.2 g/kg of carbohydrates and 20-25g of high-quality protein (e.g., whey, casein, or a soy/pea blend). TRAVEL CONSIDERATIONS - Air travel dehydrates the body. Players should drink extra water during flights. - Traveling across time zones disrupts circadian rhythms, making sleep management the primary recovery focus during road trips. KEY TAKEAWAYS - Monitor hydration daily using urine color. - Address cramping with both fluids and sodium. - Capitalize on the 30-60 minute post-game recovery window with carbs and protein."
C0055,S19,Strength Training,Training,NSCA Essentials of Strength Training and Conditioning - Beginner Programming,National Strength and Conditioning Association,"SOURCE: NSCA Essentials of Strength Training and Conditioning - Beginner Programming (2022) ORGANIZATION: National Strength and Conditioning Association (NSCA) CATEGORY: Strength Training - Training ------------------------------------------------------------ OVERVIEW The NSCA outlines foundational principles for individuals beginning a resistance training program. For beginners, learning proper exercise technique and building a base of muscular endurance and hypertrophy are the primary goals, rather than maximal strength. EXERCISE SELECTION - Prioritize multi-joint (compound) exercises: Squats, deadlifts, bench presses, overhead presses, and rows. These recruit large muscle masses and stimulate greater metabolic and hormonal responses. - Single-joint (isolation) exercises (e.g., bicep curls, leg extensions) can be included but should follow compound movements. - Order of exercises: Power exercises (if any) -> Core/Compound exercises -> Assistance/Isolation exercises. TRAINING FREQUENCY - Beginners should strength train 2 to 3 days per week on non-consecutive days. - Full-body routines are recommended for beginners rather than split routines (e.g., training only chest"
C0056,S19,Strength Training,Training,NSCA Essentials of Strength Training and Conditioning - Beginner Programming,National Strength and Conditioning Association,"FREQUENCY - Beginners should strength train 2 to 3 days per week on non-consecutive days. - Full-body routines are recommended for beginners rather than split routines (e.g., training only chest on one day). SETS, REPS, AND INTENSITY - For hypertrophy and foundational strength: 2-3 sets of 8-12 repetitions per exercise. - Intensity: Weights should be approximately 67-80% of the individual's 1-Repetition Maximum (1RM). - Rest periods: 30-90 seconds between sets. PROGRESSIVE OVERLOAD - To continue making gains, the demands placed on the muscles must continually increase. - The 2-for-2 Rule: If an athlete can perform two or more repetitions over their assigned repetition goal in the last set of an exercise for two consecutive workouts, weight should be added for that exercise in the next training session. KEY TAKEAWAYS - Focus on compound movements (squats, deadlifts, presses). - Train 2-3 times per week with full-body workouts. - Use 2-3 sets"
C0057,S19,Strength Training,Training,NSCA Essentials of Strength Training and Conditioning - Beginner Programming,National Strength and Conditioning Association,"that exercise in the next training session. KEY TAKEAWAYS - Focus on compound movements (squats, deadlifts, presses). - Train 2-3 times per week with full-body workouts. - Use 2-3 sets of 8-12 reps with 30-90 seconds rest. - Apply the 2-for-2 rule for progressive overload."
C0058,S20,Strength Training,Training,Progressive Overload and Periodization for Beginners,ACSM,"SOURCE: Progressive Overload and Periodization for Beginners (2021) ORGANIZATION: American College of Sports Medicine (ACSM) CATEGORY: Strength Training - Training ------------------------------------------------------------ OVERVIEW The ACSM provides evidence-based guidelines on how to structure and progress resistance training programs to ensure continued adaptations and prevent plateaus. PRINCIPLE OF PROGRESSIVE OVERLOAD - Progressive overload is the gradual increase of stress placed upon the body during exercise training. - Variables to manipulate: 1. Resistance (Weight): Increasing the load lifted. 2. Volume: Increasing the number of sets or repetitions. 3. Frequency: Increasing the number of training sessions per week. 4. Rest intervals: Decreasing rest between sets (increases metabolic stress). PERIODIZATION CONCEPTS - Periodization is the systematic planning of athletic or physical training. - Linear Periodization (Traditional): Involves gradually increasing intensity (weight) and decreasing volume (reps) over several weeks or months. E.g., moving from sets of 12 reps -> sets of 8 reps -> sets of 5"
C0059,S20,Strength Training,Training,Progressive Overload and Periodization for Beginners,ACSM,"Involves gradually increasing intensity (weight) and decreasing volume (reps) over several weeks or months. E.g., moving from sets of 12 reps -> sets of 8 reps -> sets of 5 reps over a 12-week program. - Undulating Periodization: Varying intensity and volume within the week (e.g., Monday: 3x12, Wednesday: 4x5, Friday: 3x8). This can be effective but is usually reserved for intermediate/advanced trainees. BEGINNER RECOMMENDATIONS - Beginners should focus on a linear progression model. Add a small amount of weight (e.g., 2.5-5 lbs to upper body lifts, 5-10 lbs to lower body lifts) each week while maintaining the same sets and reps. - Focus on movement proficiency before aggressively increasing load. Form breakdown is an indicator that the load is too heavy. WARM-UP PROTOCOLS - 5-10 minutes of light aerobic activity (e.g., rowing, cycling). - Dynamic stretching targeting the specific muscles to be worked (e.g., arm circles, walking lunges). -"
C0060,S20,Strength Training,Training,Progressive Overload and Periodization for Beginners,ACSM,"too heavy. WARM-UP PROTOCOLS - 5-10 minutes of light aerobic activity (e.g., rowing, cycling). - Dynamic stretching targeting the specific muscles to be worked (e.g., arm circles, walking lunges). - 1-2 lighter warm-up sets of the first exercise before moving to the working weight. KEY TAKEAWAYS - Increase weight gradually while maintaining proper form. - Use linear periodization for beginners. - Always perform a general and specific warm-up before lifting heavy loads."
C0061,S21,Strength Training,Nutrition,Protein Requirements for Strength Athletes - ISSN Position Stand,International Society of Sports Nutrition,"SOURCE: Protein Requirements for Strength Athletes - ISSN Position Stand (2022) ORGANIZATION: International Society of Sports Nutrition (ISSN) CATEGORY: Strength Training - Nutrition ------------------------------------------------------------ OVERVIEW The ISSN provides a comprehensive review of protein needs for individuals engaged in regular resistance training, aiming to maximize muscle protein synthesis (MPS) and promote hypertrophy. DAILY PROTEIN INTAKE - To build and maintain muscle mass, an overall daily protein intake in the range of 1.4-2.0 g protein/kg body weight/day (g/kg/d) is sufficient for most exercising individuals. - Higher intakes (2.3-3.1 g/kg/d) may be needed during periods of caloric restriction (cutting) to prevent the loss of lean muscle mass. PER-MEAL PROTEIN DOSING - To maximize muscle protein synthesis, protein should be evenly distributed across 3-4 meals throughout the day. - Optimal per-meal dose: 0.25-0.40 g/kg/meal, or an absolute dose of 20-40 g of protein per meal. - The protein source should contain a high amount"
C0062,S21,Strength Training,Nutrition,Protein Requirements for Strength Athletes - ISSN Position Stand,International Society of Sports Nutrition,"meals throughout the day. - Optimal per-meal dose: 0.25-0.40 g/kg/meal, or an absolute dose of 20-40 g of protein per meal. - The protein source should contain a high amount of essential amino acids (EAAs), particularly leucine (700-3000 mg per dose), which acts as the primary trigger for MPS. PROTEIN TIMING AND SOURCES - The ""anabolic window"" of opportunity post-exercise is wider than previously thought. However, consuming high-quality protein within 2 hours after a workout is a prudent strategy. - High-quality sources: Whey, casein, eggs, meat, poultry, dairy. - Plant-based athletes: Can achieve similar results by combining protein sources (e.g., rice and pea protein) or consuming slightly larger total amounts of protein to ensure adequate EAA intake. PRE-SLEEP PROTEIN - Consuming 30-40 g of slow-digesting protein (like casein, found in dairy) 30 minutes before sleep can increase overnight muscle protein synthesis and improve recovery. KEY TAKEAWAYS - Consume 1.4-2.0 g/kg/d"
C0063,S21,Strength Training,Nutrition,Protein Requirements for Strength Athletes - ISSN Position Stand,International Society of Sports Nutrition,"Consuming 30-40 g of slow-digesting protein (like casein, found in dairy) 30 minutes before sleep can increase overnight muscle protein synthesis and improve recovery. KEY TAKEAWAYS - Consume 1.4-2.0 g/kg/d of protein daily. - Spread protein intake evenly across 3-4 meals (20-40g per meal). - Consider 30-40g of casein protein before bed to enhance overnight recovery."
C0064,S22,Strength Training,Nutrition,Dietary Protein and Muscle Synthesis - NIH Overview,National Institutes of Health - Office of Dietary Supplements,"SOURCE: Dietary Protein and Muscle Synthesis - NIH Overview (2023) ORGANIZATION: National Institutes of Health (NIH) - Office of Dietary Supplements CATEGORY: Strength Training - Nutrition ------------------------------------------------------------ OVERVIEW The NIH provides guidance on dietary protein requirements for active individuals, distinguishing between the needs of sedentary adults and those engaged in intense athletic training. PROTEIN QUALITY AND AMINO ACIDS - Proteins are made up of 20 amino acids. Nine of these are essential amino acids (EAAs) that the body cannot produce and must be obtained from food. - Complete proteins contain all nine EAAs. Animal sources (meat, poultry, fish, eggs, dairy) are generally complete proteins. - Incomplete proteins lack one or more EAAs. Most plant sources (beans, grains, nuts) are incomplete, though soy and quinoa are notable exceptions. SUPPLEMENTATION vs. WHOLE FOODS - Protein powders (whey, casein, pea, soy) offer a convenient and efficient way to increase protein intake, particularly around"
C0065,S22,Strength Training,Nutrition,Dietary Protein and Muscle Synthesis - NIH Overview,National Institutes of Health - Office of Dietary Supplements,"though soy and quinoa are notable exceptions. SUPPLEMENTATION vs. WHOLE FOODS - Protein powders (whey, casein, pea, soy) offer a convenient and efficient way to increase protein intake, particularly around workout times. - However, whole food protein sources provide additional essential nutrients (e.g., iron, zinc, B vitamins) that are not typically found in isolated protein supplements. - The NIH recommends prioritizing whole foods and using supplements only when daily targets cannot be met through diet alone. SAFETY OF HIGH PROTEIN DIETS - For healthy individuals with normal kidney function, consuming a high-protein diet (up to 2.0-2.5 g/kg/day) does not cause kidney damage or adverse health effects. - Individuals with pre-existing kidney disease should consult a physician before increasing protein intake. CARBOHYDRATES FOR STRENGTH TRAINING - While protein builds muscle, carbohydrates fuel the workouts. - Consuming carbohydrates alongside protein post-workout can stimulate insulin release, which may further enhance the muscle-building environment,"
C0066,S22,Strength Training,Nutrition,Dietary Protein and Muscle Synthesis - NIH Overview,National Institutes of Health - Office of Dietary Supplements,"CARBOHYDRATES FOR STRENGTH TRAINING - While protein builds muscle, carbohydrates fuel the workouts. - Consuming carbohydrates alongside protein post-workout can stimulate insulin release, which may further enhance the muscle-building environment, though protein is the primary driver. KEY TAKEAWAYS - Prioritize complete, whole-food protein sources. - Use protein supplements for convenience, not as a replacement for a balanced diet. - High protein diets are safe for healthy individuals."
C0067,S23,Strength Training,Recovery,Sleep and Recovery for Strength Athletes - Consensus Review,NSCA,"SOURCE: Sleep and Recovery for Strength Athletes - Consensus Review (2022) ORGANIZATION: National Strength and Conditioning Association (NSCA) CATEGORY: Strength Training - Recovery ------------------------------------------------------------ OVERVIEW Recovery from heavy resistance training involves repairing muscle tissue, replenishing glycogen stores, and allowing the central nervous system (CNS) to recuperate. The NSCA highlights sleep as the paramount recovery strategy. SLEEP AND HORMONE PRODUCTION - The majority of Human Growth Hormone (HGH) and testosterone are secreted during deep sleep (slow-wave sleep). - These hormones are critical for muscle hypertrophy and tissue repair. - Sleep deprivation (getting less than 6-7 hours per night) significantly blunts the release of these anabolic hormones and increases cortisol (a catabolic, stress hormone), creating an unfavorable environment for muscle growth. MANAGING CENTRAL NERVOUS SYSTEM (CNS) FATIGUE - Heavy compound lifts (e.g., deadlifts, heavy squats) tax the CNS heavily. - Symptoms of CNS fatigue include decreased grip strength, lack of motivation, disrupted"
C0068,S23,Strength Training,Recovery,Sleep and Recovery for Strength Athletes - Consensus Review,NSCA,"CENTRAL NERVOUS SYSTEM (CNS) FATIGUE - Heavy compound lifts (e.g., deadlifts, heavy squats) tax the CNS heavily. - Symptoms of CNS fatigue include decreased grip strength, lack of motivation, disrupted sleep, and stalled progress. - Recovery from CNS fatigue takes longer than localized muscle recovery; it may take 48-72 hours for the CNS to fully recover from a maximal lifting session. NUTRITION AS RECOVERY - Recovery is impossible without adequate caloric intake. - To build muscle, a slight caloric surplus (200-500 extra calories per day) is generally required, alongside adequate protein. HYDRATION FOR STRENGTH - Dehydration reduces maximal strength and power output. - Muscle cells that are well-hydrated are more anabolic (prone to growth). - Aim for clear or pale-yellow urine daily. KEY TAKEAWAYS - Sleep 8+ hours to maximize growth hormone and testosterone production. - Recognize that heavy lifts require CNS recovery, not just muscle recovery. - Ensure adequate"
C0069,S23,Strength Training,Recovery,Sleep and Recovery for Strength Athletes - Consensus Review,NSCA,"urine daily. KEY TAKEAWAYS - Sleep 8+ hours to maximize growth hormone and testosterone production. - Recognize that heavy lifts require CNS recovery, not just muscle recovery. - Ensure adequate overall caloric intake to support the recovery process."
C0070,S24,Strength Training,Recovery,Rest Periods and Deload Strategies in Resistance Training,Journal of Strength and Conditioning Research,"SOURCE: Rest Periods and Deload Strategies in Resistance Training (2022) ORGANIZATION: Journal of Strength and Conditioning Research (JSCR) CATEGORY: Strength Training - Recovery ------------------------------------------------------------ OVERVIEW Continuous, high-intensity resistance training without planned periods of reduced volume or intensity leads to overtraining, injury, and stalled progress. The JSCR reviews the efficacy of deload weeks and rest interval management. DELOAD WEEKS - A deload is a planned period of reduced training stress, typically lasting one week. - Purpose: To allow accumulated fatigue to dissipate while maintaining fitness, leading to a ""supercompensation"" effect where strength levels jump up. - Frequency: Most trainees benefit from a deload week every 4 to 8 weeks, depending on training intensity and individual recovery capacity. - How to Deload: 1. Volume reduction: Cut the number of sets and reps in half, keep weight the same. 2. Intensity reduction: Keep sets and reps the same, but reduce weight by 40-50%."
C0071,S24,Strength Training,Recovery,Rest Periods and Deload Strategies in Resistance Training,Journal of Strength and Conditioning Research,"1. Volume reduction: Cut the number of sets and reps in half, keep weight the same. 2. Intensity reduction: Keep sets and reps the same, but reduce weight by 40-50%. 3. Both: A slight reduction in both volume and intensity. REST INTERVALS BETWEEN SETS - The time spent resting between sets directly impacts the training outcome. - Hypertrophy (Muscle Growth): 60-90 seconds rest. This maximizes metabolic stress and hormonal response. - Maximal Strength: 3-5 minutes rest. This allows for near-complete recovery of the ATP-PC system, enabling maximal force production in the subsequent set. - Beginners should lean towards 90-120 seconds to ensure proper form is maintained throughout the workout. ACTIVE RECOVERY FOR LIFTERS - On non-lifting days, engaging in light, low-impact aerobic work (e.g., brisk walking, easy cycling) can aid recovery by promoting blood flow and nutrient delivery to recovering muscles without inducing further muscle damage. KEY TAKEAWAYS - Implement"
C0072,S24,Strength Training,Recovery,Rest Periods and Deload Strategies in Resistance Training,Journal of Strength and Conditioning Research,"low-impact aerobic work (e.g., brisk walking, easy cycling) can aid recovery by promoting blood flow and nutrient delivery to recovering muscles without inducing further muscle damage. KEY TAKEAWAYS - Implement a deload week every 4-8 weeks to prevent overtraining. - Rest 3-5 minutes between heavy strength sets, and 60-90 seconds for hypertrophy sets. - Use light walking or cycling on rest days to promote blood flow."
C0073,S25,Soccer,Training,FIFA Football Fitness - Periodization and Load Management for Players,FIFA,"SOURCE: FIFA Football Fitness - Periodization and Load Management for Players (2023) ORGANIZATION: FIFA - Fédération Internationale de Football Association CATEGORY: Soccer - Training ------------------------------------------------------------ OVERVIEW Load management is the systematic control of training stress across a season to maximize performance and minimize injury. FIFA's Football Fitness department outlines specific periodization frameworks for amateur and semi-professional players. ANNUAL PERIODIZATION FRAMEWORK 1. Preparation Phase (Pre-Season, 6–8 weeks) - Weeks 1–2: Aerobic base. Low-intensity continuous running at 60–70% HRmax. Volume is high, intensity is low. - Weeks 3–4: Introduce higher-intensity intervals. SSG (Small-Sided Games) frequency increases. - Weeks 5–6: Sport-specific conditioning. Tactical integration. Maintain aerobic gains while introducing anaerobic capacity work. - Weeks 7–8: Taper. Reduce volume by 20–30%, maintain intensity. Peak readiness for season start. 2. Competition Phase (In-Season) - Objective: Maintain fitness while managing match fatigue. - Training volume drops 30–40% compared to pre-season. - Match-day minus 2 (MD-2): High-intensity"
C0074,S25,Soccer,Training,FIFA Football Fitness - Periodization and Load Management for Players,FIFA,"readiness for season start. 2. Competition Phase (In-Season) - Objective: Maintain fitness while managing match fatigue. - Training volume drops 30–40% compared to pre-season. - Match-day minus 2 (MD-2): High-intensity activation session (45 min). - Match-day minus 1 (MD-1): Low-intensity technical session (30 min). No high-intensity work. - Match-day plus 1 (MD+1): Active recovery only. No structured training. - Match-day plus 2 (MD+2): Moderate training resumes. 3. Transition Phase (Post-Season, 3–4 weeks) - Active rest. Cross-training encouraged (swimming, cycling, yoga). - No structured soccer training. - Psychological recovery is as important as physical. LOAD MONITORING TOOLS - Session RPE (sRPE): Rate of Perceived Exertion multiplied by session duration. Target load range: 200–400 AU for training, 400–800 AU for competitive matches. - Heart Rate Monitoring: Training zones defined by %HRmax. Beginners should spend majority of time in Zone 2 (65–75% HRmax). - Wellness questionnaires: Monitor fatigue, sleep, mood. Decline in wellness"
C0075,S25,Soccer,Training,FIFA Football Fitness - Periodization and Load Management for Players,FIFA,"- Heart Rate Monitoring: Training zones defined by %HRmax. Beginners should spend majority of time in Zone 2 (65–75% HRmax). - Wellness questionnaires: Monitor fatigue, sleep, mood. Decline in wellness scores predicts injury and illness. ACUTE:CHRONIC WORKLOAD RATIO (ACWR) - The ACWR compares the last week's training load to the rolling 4-week average. - Safe zone: 0.8–1.3 ACWR. - Danger zone: ACWR > 1.5 significantly increases soft tissue injury risk. - Danger zone: ACWR < 0.8 indicates undertraining and detraining. BEGINNER PLAYER LOAD GUIDELINES - Start with 2 sessions/week, each under 60 minutes. - Increase weekly load by no more than 10% per week. - Never follow a high-load week with another high-load week. - Prioritize skill development over fitness at the beginner stage. KEY TAKEAWAYS - Periodize training into preparation, competition, and transition phases. - Use MD-1/MD-2/MD+1/MD+2 framework to manage fatigue around matches. - Keep ACWR between 0.8 and"
C0076,S25,Soccer,Training,FIFA Football Fitness - Periodization and Load Management for Players,FIFA,"at the beginner stage. KEY TAKEAWAYS - Periodize training into preparation, competition, and transition phases. - Use MD-1/MD-2/MD+1/MD+2 framework to manage fatigue around matches. - Keep ACWR between 0.8 and 1.3 to stay in the safe training zone. - Monitor wellness daily; declining scores mean reduce load, not push through."
C0077,S26,Soccer,Nutrition,Applied Nutrition for Footballers - Energy Balance and Micronutrients,FIFA / European Journal of Sport Science,"SOURCE: Applied Nutrition for Footballers - Energy Balance and Micronutrients in Soccer (2022) ORGANIZATION: FIFA / European Journal of Sport Science (collaborative review) CATEGORY: Soccer - Nutrition ------------------------------------------------------------ OVERVIEW Beyond macronutrients, soccer players have specific micronutrient needs that directly affect energy metabolism, immune function, and recovery. This FIFA-aligned review synthesizes evidence on energy balance, iron, vitamin D, and antioxidants for soccer athletes at all levels. ENERGY REQUIREMENTS - Male soccer players: estimated total daily energy expenditure (TDEE) of 2,800–3,500 kcal/day on training days. - Female soccer players: 2,200–2,800 kcal/day on training days. - Energy availability (EA) = energy intake minus exercise energy expenditure. EA should be maintained above 30–45 kcal/kg fat-free mass/day. - Low energy availability (< 30 kcal/kg FFM/day) causes hormonal disruption, bone loss, increased illness, and impaired recovery. This is more common in female athletes. CARBOHYDRATE PERIODIZATION - High-carbohydrate days: Match days and days of high-intensity training. Target"
C0078,S26,Soccer,Nutrition,Applied Nutrition for Footballers - Energy Balance and Micronutrients,FIFA / European Journal of Sport Science,"causes hormonal disruption, bone loss, increased illness, and impaired recovery. This is more common in female athletes. CARBOHYDRATE PERIODIZATION - High-carbohydrate days: Match days and days of high-intensity training. Target 7–10 g/kg. - Moderate-carbohydrate days: Moderate training sessions. Target 5–7 g/kg. - Low-carbohydrate days: Rest days or light technical sessions. Target 3–5 g/kg. - Carbohydrate periodization (varying CHO based on training load) is evidence-supported for weight management without compromising performance. KEY MICRONUTRIENTS FOR SOCCER 1. Iron - Deficiency impairs oxygen transport and causes fatigue. - Risk group: Female players, vegetarian/vegan players. - Dietary sources: Red meat, legumes, fortified cereals, spinach. - Vitamin C enhances non-heme iron absorption; avoid calcium/coffee with iron-rich meals. - Testing: Annual blood test for ferritin recommended for female players. 2. Vitamin D - Critical for bone health, immune function, and muscle function. - Deficiency is common in players who train indoors or live in low-sunlight climates."
C0079,S26,Soccer,Nutrition,Applied Nutrition for Footballers - Energy Balance and Micronutrients,FIFA / European Journal of Sport Science,"for female players. 2. Vitamin D - Critical for bone health, immune function, and muscle function. - Deficiency is common in players who train indoors or live in low-sunlight climates. - Target serum 25(OH)D: > 75 nmol/L. - Sources: Sun exposure (15–30 min/day), oily fish, fortified dairy, supplementation (1,000–2,000 IU/day as needed, physician-guided). 3. Calcium - Essential for bone density and muscle contraction. - Daily target: 1,000–1,300 mg/day. - Sources: Dairy, fortified plant milks, almonds, broccoli. 4. Antioxidants (Vitamins C and E) - Exercise generates reactive oxygen species (ROS); antioxidants neutralize these. - A diet rich in colorful vegetables and fruits is sufficient for most players. - High-dose antioxidant supplementation is NOT recommended — may blunt training adaptations. HYDRATION AND ELECTROLYTES - Sodium: 500–1,500 mg per liter of sweat. Replace with sports drinks or salty foods post-match. - Potassium: 2,000–3,500 mg/day from diet (bananas, potatoes, orange juice). PRACTICAL MEAL PLANNING"
C0080,S26,Soccer,Nutrition,Applied Nutrition for Footballers - Energy Balance and Micronutrients,FIFA / European Journal of Sport Science,"ELECTROLYTES - Sodium: 500–1,500 mg per liter of sweat. Replace with sports drinks or salty foods post-match. - Potassium: 2,000–3,500 mg/day from diet (bananas, potatoes, orange juice). PRACTICAL MEAL PLANNING - Breakfast (training day): Oatmeal (80 g dry), banana, 2 eggs, 250 mL orange juice. - Pre-training snack (2 hrs prior): Toast (2 slices) with honey, 250 mL sports drink. - Post-training recovery: 250 g cooked chicken breast, 200 g white rice, steamed broccoli, 500 mL water. - Evening meal: Salmon (150 g), sweet potato (200 g), mixed salad with olive oil. KEY TAKEAWAYS - Match-day carbohydrates: 7–10 g/kg. Rest-day: 3–5 g/kg. - Monitor iron and vitamin D levels annually, especially for female players. - Eat a diet rich in colorful vegetables for antioxidant protection. - Maintain energy availability above 45 kcal/kg FFM/day to avoid hormonal and health consequences."
C0081,S27,Soccer,Recovery,UEFA Champions League - Recovery Science and Match Congestion Protocols,UEFA,"SOURCE: UEFA Champions League - Recovery Science and Match Congestion Protocols (2023) ORGANIZATION: Union of European Football Associations (UEFA) CATEGORY: Soccer - Recovery ------------------------------------------------------------ OVERVIEW UEFA's research on elite club football reveals that match congestion — playing more than one match per week — is the primary recovery challenge for modern soccer players. This document summarizes UEFA's evidence-based protocols for managing congestion and optimizing recovery, adapted for amateur and club-level athletes. PHYSIOLOGICAL CONSEQUENCES OF A 90-MINUTE MATCH - Muscle glycogen depleted by 40–90% depending on position. - 1–3% body mass lost through sweat. - Elevated creatine kinase (CK) and myoglobin (indicators of muscle damage) for 24–72 hours post-match. - Perception of muscle soreness peaks at 24–48 hours post-match (DOMS). - Neuromuscular function (sprint speed, jump height) reduced for 48–72 hours. THE UEFA RECOVERY TIMELINE - 0–30 minutes post-match: Begin refueling. Carbohydrate + protein snack. Start rehydration. - 30 minutes –"
C0082,S27,Soccer,Recovery,UEFA Champions League - Recovery Science and Match Congestion Protocols,UEFA,"Neuromuscular function (sprint speed, jump height) reduced for 48–72 hours. THE UEFA RECOVERY TIMELINE - 0–30 minutes post-match: Begin refueling. Carbohydrate + protein snack. Start rehydration. - 30 minutes – 2 hours: Full recovery meal. Cold water immersion if available. - 2–24 hours: Sleep is the primary recovery tool. Target 9 hours. - 24–48 hours: Active recovery sessions only. No high-intensity training. - 48–72 hours: Light technical work. Gradual reintroduction of physical load. - 72+ hours: Return to full training only if wellness markers are positive. MATCH CONGESTION MANAGEMENT - When 2 matches occur within 72 hours: Eliminate all high-intensity training sessions between matches. Prioritize sleep, nutrition, and cold water immersion. - When 3 matches occur within 10 days: Reduce training volume by 60% on non-match days. Include at least one complete rest day. COLD WATER IMMERSION (CWI) PROTOCOLS - UEFA-aligned CWI: 10–12 minutes at 10–15°C within 30 minutes of"
C0083,S27,Soccer,Recovery,UEFA Champions League - Recovery Science and Match Congestion Protocols,UEFA,"training volume by 60% on non-match days. Include at least one complete rest day. COLD WATER IMMERSION (CWI) PROTOCOLS - UEFA-aligned CWI: 10–12 minutes at 10–15°C within 30 minutes of full-time whistle. - Contrast bathing (alternating warm/cold): 1 minute cold, 1 minute warm, repeated 4–5 cycles. - CWI significantly reduces perceived fatigue and CK levels at 24 and 48 hours. SLEEP EXTENSION PROTOCOL - Napping 20–30 minutes at 2 PM on match days improves alertness by 30% and reaction time. - Prioritize sleep in a cool, dark room. Core body temperature must drop to initiate deep sleep. - Melatonin (0.5–3 mg) may help players who struggle with post-match adrenaline, but consult a physician. NUTRITION FOR ACCELERATED RECOVERY - 1.2 g/kg carbohydrates in the first 30–60 minutes post-match (prioritize fast-absorbing: white rice, fruit, sports drinks). - 25–30 g protein within 2 hours (chicken, eggs, Greek yogurt, or whey). - Omega-3 fatty"
C0084,S27,Soccer,Recovery,UEFA Champions League - Recovery Science and Match Congestion Protocols,UEFA,"carbohydrates in the first 30–60 minutes post-match (prioritize fast-absorbing: white rice, fruit, sports drinks). - 25–30 g protein within 2 hours (chicken, eggs, Greek yogurt, or whey). - Omega-3 fatty acids (from fish, flaxseed) reduce exercise-induced inflammation. - Tart cherry juice (480 mL daily for 4–7 days around congested periods) — shown to reduce muscle soreness in team sport athletes. KEY TAKEAWAYS - Muscle damage and neuromuscular impairment last 48–72 hours after a match. - The recovery window starts immediately at full-time — nutrition and CWI matter. - Sleep 9+ hours for the two nights following a match. - During congested fixture periods, eliminate high-intensity training between games entirely."
C0085,S28,Tennis,Training,ATP/WTA Physical Preparation Standards and Testing Protocols,ATP / WTA,"SOURCE: ATP/WTA Physical Preparation Standards and Testing Protocols (2023) ORGANIZATION: Association of Tennis Professionals (ATP) / Women's Tennis Association (WTA) CATEGORY: Tennis - Training ------------------------------------------------------------ OVERVIEW The ATP and WTA jointly fund sports science research and establish physical preparation benchmarks for professional tennis. This document adapts their standards for club and intermediate-level players who aspire to train with professional methods. PHYSICAL TESTING BENCHMARKS (ATP/WTA Benchmarks, adapted for club level) - 5m Sprint: < 1.05 seconds (elite); < 1.20 seconds (good club standard) - 10m Sprint: < 1.75 seconds (elite); < 2.00 seconds (good club standard) - Change of Direction (COD — 505 test): < 2.3 seconds (elite); < 2.6 seconds (good club) - Aerobic Capacity (Yo-Yo IRT Level 1): > 2,000 m (elite); > 1,200 m (good club) - Maximal Strength (Back Squat 1RM): > 1.5x body weight (elite male); > 1.2x (good club male) POSITION-SPECIFIC PHYSICAL DEMANDS - Baseline"
C0086,S28,Tennis,Training,ATP/WTA Physical Preparation Standards and Testing Protocols,ATP / WTA,"2,000 m (elite); > 1,200 m (good club) - Maximal Strength (Back Squat 1RM): > 1.5x body weight (elite male); > 1.2x (good club male) POSITION-SPECIFIC PHYSICAL DEMANDS - Baseline players (e.g., Rafa Nadal style): Require exceptional lateral endurance, lower body strength and stability, and ability to sustain high-intensity rallies for extended periods. More aerobic conditioning needed. - Serve-and-volley / all-court players: Require explosive first-step quickness, shoulder stability, and anaerobic power for short bursts. ATP/WTA PHYSICAL PREPARATION PILLARS 1. Movement Efficiency - Efficient movement = covering court with fewer steps. Train using shadow footwork drills. - Split-step timing: The split-step (small hop as opponent hits) is the most important movement skill in tennis. Must be automatic. - First 3 steps determine 80% of court positioning — explosive acceleration drills are critical. 2. On-Court Conditioning - Ghosting: Moving to all court positions (forehand, backhand, volley, overhead, wide forehand, wide backhand) without"
C0087,S28,Tennis,Training,ATP/WTA Physical Preparation Standards and Testing Protocols,ATP / WTA,"determine 80% of court positioning — explosive acceleration drills are critical. 2. On-Court Conditioning - Ghosting: Moving to all court positions (forehand, backhand, volley, overhead, wide forehand, wide backhand) without a ball. Trains movement patterns and conditioning simultaneously. - Spider Drill with Racket: Combines ball pickup and directional movement for functional conditioning. 3. Strength and Power Training - Periodize strength work: Heavy strength (3–5 reps, 3–5 sets) during off-season; Power focus (3–5 reps at 50–70% 1RM, explosive intent) during pre-season; Maintenance (2 sessions/week) in-season. - Essential exercises: Bulgarian split squats, Romanian deadlifts, cable rotations, landmine press, single-arm cable rows. 4. Injury Prevention Focus Areas - Rotator cuff: External rotation, Y-T-W exercises with bands. Essential for all tennis players. - Hip flexors and adductors: Hip 90/90 mobility, Copenhagen plank. - Ankles: Single-leg balance progressions, resistance band eversion exercises. TRAINING LOAD PERIODIZATION (Weekly Template — In-Season) - Monday: Rest or light cross-training"
C0088,S28,Tennis,Training,ATP/WTA Physical Preparation Standards and Testing Protocols,ATP / WTA,"flexors and adductors: Hip 90/90 mobility, Copenhagen plank. - Ankles: Single-leg balance progressions, resistance band eversion exercises. TRAINING LOAD PERIODIZATION (Weekly Template — In-Season) - Monday: Rest or light cross-training - Tuesday: Tennis (2 hrs) + Lower body strength - Wednesday: Tennis (2 hrs) + Core and stability - Thursday: On-court conditioning (ghosting, suicide drills) + Upper body strength - Friday: Match practice / sparring - Saturday: Competition - Sunday: Active recovery KEY TAKEAWAYS - The split-step and first 3 explosive steps are the most critical movement skills to develop. - Use ghosting drills for sport-specific conditioning without match pressure. - Bulgarian split squats and cable rotations are the most important strength exercises for tennis. - Periodize strength from heavy (off-season) to powerful (pre-season) to maintenance (in-season)."
C0089,S29,Tennis,Nutrition,Nutritional Periodization and Weight Management for Competitive Tennis,USOPC / USTA High Performance,"SOURCE: Nutritional Periodization and Weight Management for Competitive Tennis Players (2022) ORGANIZATION: United States Olympic and Paralympic Committee (USOPC) / USTA High Performance CATEGORY: Tennis - Nutrition ------------------------------------------------------------ OVERVIEW Competitive tennis presents unique nutritional challenges: variable match duration (1 to 5+ hours), extreme heat, back-to-back tournament scheduling, and wide variation in physical demands across surfaces (hard, clay, grass). This USOPC-aligned guide addresses periodized nutrition for competitive club and tournament tennis. ENERGY REQUIREMENTS - Male competitive players: 2,800–4,000 kcal/day depending on training volume and match load. - Female competitive players: 2,200–3,200 kcal/day. - During heavy tournament weeks (3+ matches): Increase total caloric intake by 300–500 kcal/day to avoid energy deficit. CARBOHYDRATE PERIODIZATION FOR TENNIS - Pre-tournament (2 days before): Increase carbohydrates to 8–10 g/kg/day (mini-carbohydrate load). - Match day (short match, <90 min): 5–6 g/kg carbohydrates total for the day. - Match day (long match, >90 min): 7–10 g/kg. Include intra-match"
C0090,S29,Tennis,Nutrition,Nutritional Periodization and Weight Management for Competitive Tennis,USOPC / USTA High Performance,"to 8–10 g/kg/day (mini-carbohydrate load). - Match day (short match, <90 min): 5–6 g/kg carbohydrates total for the day. - Match day (long match, >90 min): 7–10 g/kg. Include intra-match carbohydrates (30–60 g/hr via sports drinks, gels, or banana pieces during changeovers). - Rest days: 3–5 g/kg. Focus on protein and vegetables. PROTEIN FOR TENNIS PLAYERS - Daily: 1.5–1.8 g/kg body weight. - During heavy tournament play: Up to 2.0 g/kg to support muscle repair when recovery time between matches is short. - Best sources: Chicken, fish, eggs, Greek yogurt, cottage cheese, whey/plant protein. HEAT NUTRITION STRATEGIES (USOPC Guidelines) - Hot conditions increase carbohydrate oxidation rate by up to 15%. - Sodium intake becomes critical — muscle cramps in heat are driven primarily by sodium loss, not just fluid loss. - Pre-event sodium loading: Add 1,000–1,500 mg of sodium in the pre-match meal (e.g., sports drink, salted pretzels, broth). -"
C0091,S29,Tennis,Nutrition,Nutritional Periodization and Weight Management for Competitive Tennis,USOPC / USTA High Performance,"are driven primarily by sodium loss, not just fluid loss. - Pre-event sodium loading: Add 1,000–1,500 mg of sodium in the pre-match meal (e.g., sports drink, salted pretzels, broth). - Cool drinks are absorbed faster than warm drinks — use ice-cold beverages when possible in heat. WEIGHT MANAGEMENT IN TENNIS - Tennis players sometimes attempt to cut weight for speed gains. This is risky: - Rapid weight loss impairs reaction time, power output, and concentration. - If weight loss is appropriate (gradual, off-season), aim for no more than 0.5 kg/week loss while keeping protein at 2.0 g/kg to protect muscle mass. - Never cut weight during a tournament or heavy training block. PRACTICAL MATCH-DAY NUTRITION PLAN - 3–4 hours before match: Chicken and rice bowl (300 g cooked rice, 150 g chicken, olive oil, banana). 600 mL water. - 60 minutes before: 1 banana or 1 energy gel + 300"
C0092,S29,Tennis,Nutrition,Nutritional Periodization and Weight Management for Competitive Tennis,USOPC / USTA High Performance,"match: Chicken and rice bowl (300 g cooked rice, 150 g chicken, olive oil, banana). 600 mL water. - 60 minutes before: 1 banana or 1 energy gel + 300 mL sports drink. - During match (changeovers): Sips of sports drink (150–200 mL every changeover). At set break: half a banana or energy gel. - Post-match (within 30 min): Recovery shake (30 g protein + 60 g fast carb) or chocolate milk (500 mL). - Post-match meal (within 2 hours): Grilled salmon, sweet potato, green vegetables. KEY TAKEAWAYS - Carbohydrate load 2 days before tournaments. - Maintain 30–60 g/hr of carbohydrates during matches longer than 90 minutes. - Sodium is as critical as fluids in hot conditions — salt your pre-match meal. - Never attempt weight loss during competition periods."
C0093,S30,Tennis,Recovery,ITF Medical Commission - Injury Prevention Sleep and Long-Term Development,ITF Medical Commission,"SOURCE: ITF Medical Commission - Injury Prevention, Sleep Science, and Long-Term Athlete Development for Tennis (2023) ORGANIZATION: International Tennis Federation (ITF) Medical Commission CATEGORY: Tennis - Recovery ------------------------------------------------------------ OVERVIEW The ITF Medical Commission integrates sleep science, injury epidemiology, and long-term athlete development (LTAD) principles into recovery recommendations. Overuse injuries and burnout are the two primary long-term risks for tennis players, and both are directly tied to poor recovery management. SLEEP SCIENCE FOR TENNIS ATHLETES 1. Sleep Architecture and Athletic Recovery - Deep sleep (slow-wave sleep) is when Growth Hormone (GH) is secreted — critical for tissue repair. - REM sleep consolidates skill learning and tactical memory. Tennis players who sleep < 7 hours show measurably worse decision-making under pressure. - Recommended sleep: 9 hours for junior players (< 18 years); 8–9 hours for adults. 2. Sleep Hygiene Protocols - Avoid blue light (screens) 90 minutes before bed. - Room temperature"
C0094,S30,Tennis,Recovery,ITF Medical Commission - Injury Prevention Sleep and Long-Term Development,ITF Medical Commission,"Recommended sleep: 9 hours for junior players (< 18 years); 8–9 hours for adults. 2. Sleep Hygiene Protocols - Avoid blue light (screens) 90 minutes before bed. - Room temperature should be 18–20°C (cool promotes sleep onset). - Consistent bedtime and wake time even on rest days (within 30-minute window). - Post-match arousal (adrenaline, cortisol) delays sleep onset — use breathing techniques (4-7-8 method) or light reading to decelerate. 3. Napping Guidelines - A 20-minute nap before 3 PM improves afternoon alertness and reaction time. - Naps longer than 30 minutes risk sleep inertia (grogginess). - Strategic napping before evening matches can compensate for disrupted nighttime sleep. OVERUSE INJURY PREVENTION IN TENNIS Common overuse injuries: Lateral epicondylitis (tennis elbow), rotator cuff tendinopathy, patellar tendinopathy, stress fractures. 1. Elbow and Shoulder - Forearm strengthening: Wrist curls, reverse wrist curls, pronation/supination with light dumbbell. - Rotator cuff maintenance: Sidelying external rotation, prone"
C0095,S30,Tennis,Recovery,ITF Medical Commission - Injury Prevention Sleep and Long-Term Development,ITF Medical Commission,"cuff tendinopathy, patellar tendinopathy, stress fractures. 1. Elbow and Shoulder - Forearm strengthening: Wrist curls, reverse wrist curls, pronation/supination with light dumbbell. - Rotator cuff maintenance: Sidelying external rotation, prone Y-T-W, face pulls. - Minimum 2 sessions/week year-round regardless of season. 2. Knee - Eccentric quadriceps strengthening (decline squats) prevents patellar tendinopathy. - Landing mechanics training: Soft knees during split-step landing, never land stiff-legged. 3. Back - Core anti-rotation (Pallof press, dead bugs) protects lumbar spine from rotational forces of serving. - Thoracic mobility daily: Cat-cow, thoracic rotations, foam roller thoracic extension. LONG-TERM ATHLETE DEVELOPMENT (LTAD) — RECOVERY FOCUS - Junior athletes (12–16): Prioritize sleep and nutrition over any recovery modality. 10 hours sleep recommended. - Late adolescents (16–21): Recovery modalities (CWI, massage) can be introduced alongside sleep priority. - Adults: Full recovery stack can be implemented — CWI, compression, nutrition timing, sleep extension. MENTAL RECOVERY - Match loss analysis"
C0096,S30,Tennis,Recovery,ITF Medical Commission - Injury Prevention Sleep and Long-Term Development,ITF Medical Commission,"modalities (CWI, massage) can be introduced alongside sleep priority. - Adults: Full recovery stack can be implemented — CWI, compression, nutrition timing, sleep extension. MENTAL RECOVERY - Match loss analysis should be limited to 30 minutes, then deliberately stopped. - Journaling, music, or social connection should follow match reflection. - Chronic performance anxiety is a recovery issue — breathing-based interventions (diaphragmatic breathing) reduce cortisol and accelerate nervous system recovery. KEY TAKEAWAYS - Sleep 8–9 hours, prioritize consistent schedule, and avoid screens before bed. - Rotator cuff and forearm strengthening must be done year-round to prevent overuse injuries. - Use 20-minute naps before afternoon matches to boost alertness. - Limit post-match analysis to 30 minutes to protect mental recovery."
C0097,S31,Basketball,Training,NBA Performance Lab - Advanced Load Management and Position-Specific Conditioning,NBA Performance Lab,"SOURCE: NBA Performance Lab - Advanced Load Management and Position-Specific Conditioning (2023) ORGANIZATION: NBA Performance Lab / NBA G League Performance Science CATEGORY: Basketball - Training ------------------------------------------------------------ OVERVIEW The NBA Performance Lab, established in 2016, aggregates biometric and performance data from NBA and G League players. Their published guidelines have been adapted here for club-level and recreational basketball players. The central insight: basketball performance is determined by power, speed, agility, and conditioning — in that priority order. POSITION-SPECIFIC PHYSICAL DEMANDS 1. Guards (Point Guard / Shooting Guard) - Highest total distance covered: 5–6 km per 40 minutes. - Primary demands: Change-of-direction speed, lateral quickness, endurance to sustain 30–35 minutes of high-intensity play. - Training emphasis: Lateral agility drills, anaerobic intervals, upper body quickness for ball-handling under fatigue. 2. Small Forwards / Wings - Mixed demands: Require combination of guard-level speed and big-man strength. - Primary demands: First-step quickness, cutting ability,"
C0098,S31,Basketball,Training,NBA Performance Lab - Advanced Load Management and Position-Specific Conditioning,NBA Performance Lab,"upper body quickness for ball-handling under fatigue. 2. Small Forwards / Wings - Mixed demands: Require combination of guard-level speed and big-man strength. - Primary demands: First-step quickness, cutting ability, one-on-one defensive capability. - Training emphasis: Plyometrics, straight-line speed, single-leg strength. 3. Power Forwards / Centers - Highest physical contact and strength demands. - Primary demands: Lower body strength for rebounding, core stability for post play, vertical jump for shot-blocking. - Training emphasis: Heavy compound lower body work, plyometrics, core anti-rotation. LOAD MANAGEMENT PRINCIPLES (NBA-Adapted for Club Level) - Acute workload monitoring: Track minutes played + training minutes. Keep weekly spike < 20% over the rolling 4-week average. - Rest during back-to-back games: If you play on Friday, Saturday should be active recovery only — no high-intensity conditioning. - Manage the cumulative fatigue of a season: Plan a 1-week deload every 6–8 weeks during the competitive season. BASKETBALL-SPECIFIC CONDITIONING METHODS"
C0099,S31,Basketball,Training,NBA Performance Lab - Advanced Load Management and Position-Specific Conditioning,NBA Performance Lab,"be active recovery only — no high-intensity conditioning. - Manage the cumulative fatigue of a season: Plan a 1-week deload every 6–8 weeks during the competitive season. BASKETBALL-SPECIFIC CONDITIONING METHODS 1. 5-Lane Drill (NBA-Standard) - Player starts at center court, sprints to near baseline, backpedals to center, sprints to far baseline, backpedals to center. Simulates defensive transitions. - Complete 5–8 repetitions with 30 seconds rest between reps. 2. Mikan Drill (Conditioning Variant) - Continuous layups on alternating sides for 60 seconds. Develops close-range finishing and cardiovascular conditioning simultaneously. 3. Ball-Handling Agility Circuits - Combine ball handling with cone weaving drills. Trains the motor cortex to make skilled decisions under physical fatigue. VERTICAL JUMP DEVELOPMENT (NBA Research) - Minimum 8 weeks of plyometric training required for measurable improvements. - Most effective exercises: Depth jumps (drop from 30–50 cm box), single-leg bounds, trap bar jump squats. - Avoid high-volume plyometrics within 48"
C0100,S31,Basketball,Training,NBA Performance Lab - Advanced Load Management and Position-Specific Conditioning,NBA Performance Lab,"of plyometric training required for measurable improvements. - Most effective exercises: Depth jumps (drop from 30–50 cm box), single-leg bounds, trap bar jump squats. - Avoid high-volume plyometrics within 48 hours of a game. - NBA data shows countermovement jump (CMJ) height is the best predictor of fatigue — a >5% CMJ drop signals incomplete recovery. KEY TAKEAWAYS - Position-specific training maximizes the relevance of conditioning work. - Track cumulative load — weekly spike > 20% predicts injury. - CMJ height > 5% decline = do not train at high intensity; recovery needed. - Vertical jump improvements require at least 8 weeks of consistent plyometric training."
C0101,S32,Basketball,Nutrition,NCAA Basketball - Sports Science and Performance Nutrition Guidelines,NCAA Sport Science Institute,"SOURCE: NCAA Basketball - Sports Science and Performance Nutrition Guidelines (2023) ORGANIZATION: National Collegiate Athletic Association (NCAA) Sport Science Institute CATEGORY: Basketball - Nutrition ------------------------------------------------------------ OVERVIEW The NCAA Sport Science Institute provides evidence-based nutrition education for collegiate athletes. Basketball players — particularly those transitioning from high school to college — frequently have poor nutritional habits. This document addresses caloric needs, fueling timing, and the unique challenges of the basketball schedule. CALORIC AND MACRONUTRIENT NEEDS BY POSITION - Guards (high movement): 3,000–3,800 kcal/day during season. - Forwards/Centers (strength-dominant): 3,500–4,500 kcal/day during season, higher during pre-season conditioning. - Carbohydrates: 5–7 g/kg/day during season. 7–10 g/kg/day on game days. - Protein: 1.6–2.0 g/kg/day to support muscle maintenance throughout the long season. - Fat: 25–35% of total calories. Prioritize unsaturated fats. PRE-GAME NUTRITION PROTOCOL (NCAA Standard) - 3–4 hours before tipoff: Full meal. High carbohydrate (1.5–3 g/kg), moderate protein, low fat. Examples: turkey sandwich"
C0102,S32,Basketball,Nutrition,NCAA Basketball - Sports Science and Performance Nutrition Guidelines,NCAA Sport Science Institute,"25–35% of total calories. Prioritize unsaturated fats. PRE-GAME NUTRITION PROTOCOL (NCAA Standard) - 3–4 hours before tipoff: Full meal. High carbohydrate (1.5–3 g/kg), moderate protein, low fat. Examples: turkey sandwich on whole grain, pasta with chicken and marinara, rice bowl with lean protein. - 1–2 hours before: Light carbohydrate snack only (banana, granola bar, small sports drink). Avoid high fat or high fiber at this point. - 30 minutes before: Optional small carbohydrate snack (energy gel, sports chews, half banana). HALFTIME AND IN-GAME FUELING - Use the halftime break (15 min) to: - Drink 12–20 oz of sports drink or water. - Eat a small carbohydrate snack if needed (banana, energy chews) for games lasting over 90 minutes of actual playing time. - During timeouts: sips of fluid only. POST-GAME RECOVERY NUTRITION - The NCAA recommends teams have a recovery protocol in place — ideally a team meal within 2"
C0103,S32,Basketball,Nutrition,NCAA Basketball - Sports Science and Performance Nutrition Guidelines,NCAA Sport Science Institute,"playing time. - During timeouts: sips of fluid only. POST-GAME RECOVERY NUTRITION - The NCAA recommends teams have a recovery protocol in place — ideally a team meal within 2 hours post-game. - Target: 1.0–1.2 g/kg carbohydrates + 0.3 g/kg protein (approximately 20–25 g for most players) within the first hour. - Chocolate milk has been validated in multiple studies as an effective recovery drink (provides ~4:1 carb:protein ratio, plus fluids and electrolytes). TRAVEL NUTRITION - College teams travel extensively. Key principles: - Pack portable nutrient-dense snacks (nuts, nut butter packets, protein bars with < 10 g sugar, jerky). - Avoid greasy/fast food on travel days — GI distress is a major performance risk. - Prioritize sleep and hydration during air travel. WEIGHT AND BODY COMPOSITION - Do NOT try to lose weight during the competitive season. - Pre-season is the appropriate time for body composition changes, with dietitian oversight."
C0104,S32,Basketball,Nutrition,NCAA Basketball - Sports Science and Performance Nutrition Guidelines,NCAA Sport Science Institute,"air travel. WEIGHT AND BODY COMPOSITION - Do NOT try to lose weight during the competitive season. - Pre-season is the appropriate time for body composition changes, with dietitian oversight. - Minimum body fat recommendations: Males: ≥ 5%; Females: ≥ 12%. KEY TAKEAWAYS - Game-day carbohydrate target: 7–10 g/kg total. - Pre-game meal 3–4 hours prior: High carbohydrate, moderate protein, low fat/fiber. - Chocolate milk is an excellent, accessible post-game recovery option. - Never attempt weight loss during the competitive season."
C0105,S33,Basketball,Recovery,NBA/NBPA Player Health and Wellness Recovery Science,NBPA / NBA Fitness Advisory,"SOURCE: NBA/NBPA Collective Bargaining Agreement - Player Health and Wellness / Recovery Science Annex (2023) ORGANIZATION: National Basketball Players Association (NBPA) / NBA Fitness Advisory CATEGORY: Basketball - Recovery ------------------------------------------------------------ OVERVIEW The NBA and NBPA jointly established player health and wellness protocols recognizing that fatigue management directly affects not only performance but long-term player health. These principles, adapted for recreational and club athletes, represent the most rigorous team sport recovery framework in professional basketball. THE NBA'S 82-GAME PROBLEM — AND ITS LESSONS Professional players face extreme cumulative fatigue across an 82-game season plus playoffs. Research from this context reveals principles that apply to any athlete training or competing multiple times per week: 1. Cumulative fatigue compounds. Week 10 of a season is more fatiguing than Week 1 at the same workload. 2. Sleep debt accumulates. Missing 30 minutes of sleep per night creates measurable performance deficits within 2 weeks. 3."
C0106,S33,Basketball,Recovery,NBA/NBPA Player Health and Wellness Recovery Science,NBPA / NBA Fitness Advisory,"season is more fatiguing than Week 1 at the same workload. 2. Sleep debt accumulates. Missing 30 minutes of sleep per night creates measurable performance deficits within 2 weeks. 3. Muscle function recovers in predictable windows: 48 hours for moderate sessions, 72 hours for maximal effort. SLEEP PROTOCOLS (NBA Advisory) - NBA teams have adopted sleep education programs with measurable results: - A landmark Stanford study on basketball players showed that sleep extension to 10 hours/night for 5–7 weeks improved sprint times by 5%, free throw percentage by 9%, and 3-point percentage by 9.2%. - Practical recommendations for club athletes: - Aim for 8–9 hours nightly during in-season. - Track sleep with even basic methods (notes, phone sleep app) to identify patterns. - Prioritize sleep over early-morning training sessions. ACTIVE RECOVERY SCIENCE - The NBA uses cycling, pool sessions, and yoga as primary active recovery modalities. - Active recovery (low-intensity"
C0107,S33,Basketball,Recovery,NBA/NBPA Player Health and Wellness Recovery Science,NBPA / NBA Fitness Advisory,"identify patterns. - Prioritize sleep over early-morning training sessions. ACTIVE RECOVERY SCIENCE - The NBA uses cycling, pool sessions, and yoga as primary active recovery modalities. - Active recovery (low-intensity movement, 20–30 minutes) the day after a game is superior to complete rest for: - Blood lactate clearance - Perceived soreness reduction - Maintaining range of motion - Pool walking or swimming is particularly effective because of hydrostatic pressure effects on reducing limb swelling. MASSAGE AND SOFT TISSUE THERAPY - Regular massage (1–2x/week) reduces perceived fatigue and muscle tension during congested schedules. - Self-massage with foam roller is an effective substitute for players without access to professional therapists. - Focus areas: calves, IT band, quadriceps, hip flexors, thoracic spine. - Protocol: 60–90 seconds per muscle group, 2–3 passes. COMPRESSION AND CRYOTHERAPY - Compression garments: Worn post-game and during travel. Reduce lower limb edema and perceived soreness. Best evidence for legs"
C0108,S33,Basketball,Recovery,NBA/NBPA Player Health and Wellness Recovery Science,NBPA / NBA Fitness Advisory,"Protocol: 60–90 seconds per muscle group, 2–3 passes. COMPRESSION AND CRYOTHERAPY - Compression garments: Worn post-game and during travel. Reduce lower limb edema and perceived soreness. Best evidence for legs (calves and thighs). - Whole-body cryotherapy (WBC) vs. cold water immersion (CWI): Both reduce soreness. CWI (ice bath) is more accessible and has stronger evidence for reducing CK and soreness at 24 hours. MENTAL RECOVERY AND MINDFULNESS - NBA teams increasingly employ sports psychologists and mindfulness programs. - Mental fatigue (from game pressure, analysis, media) is a separate but real recovery burden. - Recommended: 10 minutes of mindfulness breathing or progressive muscle relaxation after games before attempting sleep. KEY TAKEAWAYS - Sleep extension to 8–9 hours produces measurable performance improvements in basketball-specific skills. - Active recovery (cycling, pool sessions) the day after a game outperforms complete rest. - Foam roll calves, IT band, quads, and hip flexors for 60–90 seconds"
C0109,S33,Basketball,Recovery,NBA/NBPA Player Health and Wellness Recovery Science,NBPA / NBA Fitness Advisory,"in basketball-specific skills. - Active recovery (cycling, pool sessions) the day after a game outperforms complete rest. - Foam roll calves, IT band, quads, and hip flexors for 60–90 seconds each post-game. - Mental recovery is a real performance factor — use breathing or mindfulness to decompress after games."
C0110,S34,Strength Training,Training,NSCA JSCR - Evidence-Based Programming for Beginner and Intermediate Lifters,NSCA / Journal of Strength and Conditioning Research,"SOURCE: NSCA Journal of Strength and Conditioning Research - Evidence-Based Programming for Beginner and Intermediate Lifters (2023) ORGANIZATION: National Strength and Conditioning Association (NSCA) / Journal of Strength and Conditioning Research CATEGORY: Strength Training - Training ------------------------------------------------------------ OVERVIEW The NSCA publishes the most comprehensive evidence base for resistance training program design. This document synthesizes recent JSCR meta-analyses and position papers on optimal training frequency, volume, intensity, and exercise selection for beginner and intermediate lifters. WHAT THE RESEARCH SAYS ABOUT BEGINNER VS. INTERMEDIATE TRAINING - Beginners (< 6 months consistent training): Any rep range (5–30 reps), any frequency (2–5 days/week), any resistance (60–85% 1RM) produces significant strength gains. Technique is the limiting factor, not programming. - Intermediate (6 months – 2 years): Gains slow, requiring more specific stimulus. Must progressively overload and vary training stimulus. - Advanced (> 2 years): Require periodized, highly individualized programs for continued progress. OPTIMAL TRAINING FREQUENCY"
C0111,S34,Strength Training,Training,NSCA JSCR - Evidence-Based Programming for Beginner and Intermediate Lifters,NSCA / Journal of Strength and Conditioning Research,"years): Gains slow, requiring more specific stimulus. Must progressively overload and vary training stimulus. - Advanced (> 2 years): Require periodized, highly individualized programs for continued progress. OPTIMAL TRAINING FREQUENCY (JSCR Meta-Analysis, 2022) - Muscle group frequency: Training each muscle group 2x/week produces significantly greater hypertrophy than 1x/week. - Full-body workouts 3x/week (e.g., Mon/Wed/Fri) consistently outperform split routines for beginner and intermediate lifters on most hypertrophy and strength metrics. - 4–5 days/week of training is appropriate for intermediate lifters using upper/lower splits. VOLUME LANDMARKS (Evidence-Based) - Minimum Effective Volume (MEV): ~4–6 sets per muscle group per week. Below this produces no meaningful growth. - Maximum Adaptive Volume (MAV): ~12–20 sets per muscle group per week. This is the hypertrophy sweet spot. - Maximum Recoverable Volume (MRV): > 20–25 sets. Begins to exceed recovery capacity and cause overtraining. - Beginners should start at MEV and add 1–2 sets per week until"
C0112,S34,Strength Training,Training,NSCA JSCR - Evidence-Based Programming for Beginner and Intermediate Lifters,NSCA / Journal of Strength and Conditioning Research,"spot. - Maximum Recoverable Volume (MRV): > 20–25 sets. Begins to exceed recovery capacity and cause overtraining. - Beginners should start at MEV and add 1–2 sets per week until approaching MAV. INTENSITY AND PROGRESSION - Strength emphasis: 3–6 reps at 80–90% 1RM. - Hypertrophy emphasis: 8–15 reps at 65–80% 1RM. - Muscular endurance: 15–30 reps at 40–65% 1RM. - Linear progression (add weight each session) works effectively for beginners for the first 3–6 months. - When linear progression stalls, switch to wave loading (e.g., Week 1: 3x8, Week 2: 3x10, Week 3: 3x12, Week 4: 3x8 heavier). EXERCISE SELECTION PRIORITIES - Tier 1 (Must-have): Squat, hip hinge (deadlift/RDL), vertical push (overhead press), horizontal push (bench), vertical pull (pull-up/lat pulldown), horizontal pull (row). - Tier 2 (Important): Lunges, hip thrust, dips, face pulls, carries. - Tier 3 (Optional): Isolation exercises (curls, lateral raises, leg extension). Add after Tier 1 and"
C0113,S34,Strength Training,Training,NSCA JSCR - Evidence-Based Programming for Beginner and Intermediate Lifters,NSCA / Journal of Strength and Conditioning Research,"horizontal pull (row). - Tier 2 (Important): Lunges, hip thrust, dips, face pulls, carries. - Tier 3 (Optional): Isolation exercises (curls, lateral raises, leg extension). Add after Tier 1 and 2 are covered. SAMPLE BEGINNER PROGRAM (3 days/week, full-body) Day A: - Barbell Back Squat: 3x8 - Barbell Row: 3x8 - Barbell Bench Press: 3x8 - Plank: 3x30 sec Day B: - Romanian Deadlift: 3x8 - Overhead Press: 3x8 - Lat Pulldown: 3x10 - Farmer's Carry: 3x20 m KEY TAKEAWAYS - Train each muscle group 2x/week for maximum hypertrophy. - Start with 4–6 sets per muscle group per week and build toward 12–20. - Master Tier 1 movements before adding isolation exercises. - Linear progression (add weight each session) is the simplest effective strategy for beginners."
C0114,S35,Strength Training,Nutrition,USDA Dietary Guidelines for Athletes - Protein Quality and Timing,USDA / Academy of Nutrition and Dietetics,"SOURCE: USDA Dietary Guidelines for Athletes - Protein Quality, Timing, and Whole-Food Nutrition (2023) ORGANIZATION: United States Department of Agriculture (USDA) / Academy of Nutrition and Dietetics CATEGORY: Strength Training - Nutrition ------------------------------------------------------------ OVERVIEW The USDA Dietary Guidelines for Americans and the Academy of Nutrition and Dietetics (AND) provide the gold-standard framework for athlete nutrition in the United States. This document focuses on protein quality assessment, meal timing for strength athletes, and the superiority of whole-food strategies over supplement dependency. PROTEIN DIGESTIBILITY-CORRECTED AMINO ACID SCORE (PDCAAS) AND DIAAS - Not all proteins are equal. The Digestible Indispensable Amino Acid Score (DIAAS), adopted by the FAO/WHO, is the most accurate measure of protein quality. - DIAAS scores (scale 0–1+): - Whey protein concentrate: 1.09 (highest quality) - Eggs: 1.13 - Milk: 1.14 - Beef: 0.92 - Chicken breast: 0.92 - Soy protein isolate: 0.90 - Pea protein: 0.82 - Black beans:"
C0115,S35,Strength Training,Nutrition,USDA Dietary Guidelines for Athletes - Protein Quality and Timing,USDA / Academy of Nutrition and Dietetics,"protein concentrate: 1.09 (highest quality) - Eggs: 1.13 - Milk: 1.14 - Beef: 0.92 - Chicken breast: 0.92 - Soy protein isolate: 0.90 - Pea protein: 0.82 - Black beans: 0.75 - Wheat: 0.45 - Implication for plant-based athletes: Combine complementary plant proteins (peas + rice, beans + corn) to achieve a complete amino acid profile. LEUCINE THRESHOLD AND MUSCLE PROTEIN SYNTHESIS - Leucine is the primary amino acid that triggers muscle protein synthesis (MPS). - Threshold: ~0.03–0.05 g leucine per kg body weight per meal is required to fully stimulate MPS. - For a 75 kg athlete: 2.25–3.75 g leucine per meal. - Leucine content of common foods: - 30 g whey protein: ~2.7 g leucine ✓ - 200 g chicken breast: ~3.8 g leucine ✓ - 3 large eggs: ~1.8 g leucine (borderline) - 200 g black beans: ~1.0 g leucine (insufficient alone) MEAL TIMING SCIENCE - Pre-workout"
C0116,S35,Strength Training,Nutrition,USDA Dietary Guidelines for Athletes - Protein Quality and Timing,USDA / Academy of Nutrition and Dietetics,"g chicken breast: ~3.8 g leucine ✓ - 3 large eggs: ~1.8 g leucine (borderline) - 200 g black beans: ~1.0 g leucine (insufficient alone) MEAL TIMING SCIENCE - Pre-workout (1–2 hours before): - Carbohydrates: 0.5–1.0 g/kg (moderate glycemic index) for energy. - Protein: 20–25 g to prime anabolic environment. - Fat: Low (< 15 g) to avoid GI discomfort. - Post-workout (within 2 hours): - The ""anabolic window"" is real but wider than once thought. - Protein: 0.3–0.4 g/kg (20–40 g for most athletes). - Carbohydrates: 0.5–1.0 g/kg to replenish glycogen and support insulin response. - Pre-sleep nutrition: - 30–40 g of slow-digesting casein protein (cottage cheese, casein powder) before sleep increases overnight MPS by 25%. WHOLE FOOD STRATEGIES The AND emphasizes food-first approaches for most athletes: - Greek yogurt (175 g): 17 g protein, 150 kcal, calcium, probiotics. Excellent recovery snack. - Cottage cheese (200 g): 25 g"
C0117,S35,Strength Training,Nutrition,USDA Dietary Guidelines for Athletes - Protein Quality and Timing,USDA / Academy of Nutrition and Dietetics,"The AND emphasizes food-first approaches for most athletes: - Greek yogurt (175 g): 17 g protein, 150 kcal, calcium, probiotics. Excellent recovery snack. - Cottage cheese (200 g): 25 g casein protein. Ideal pre-sleep protein. - Eggs (3 whole): 18 g protein, healthy fats, choline (brain function). - Salmon (150 g): 30 g protein + omega-3 fatty acids (1.5–2 g EPA/DHA). Anti-inflammatory. CALORIC NEEDS FOR STRENGTH TRAINING - To build muscle (caloric surplus): Add 200–500 kcal/day above maintenance. - To maintain muscle while losing fat (recomposition): Eat at maintenance with high protein (2.0–2.4 g/kg). - Estimate maintenance calories: Body weight (kg) × 33–38 (for active individuals training 3–5x/week). KEY TAKEAWAYS - Prioritize high-DIAAS protein sources (eggs, dairy, meat, whey) for maximal MPS. - Hit 0.03 g leucine/kg per meal to fully trigger muscle protein synthesis. - Eat protein within 2 hours post-workout; pre-sleep casein is a bonus. - A 200–500"
C0118,S35,Strength Training,Nutrition,USDA Dietary Guidelines for Athletes - Protein Quality and Timing,USDA / Academy of Nutrition and Dietetics,maximal MPS. - Hit 0.03 g leucine/kg per meal to fully trigger muscle protein synthesis. - Eat protein within 2 hours post-workout; pre-sleep casein is a bonus. - A 200–500 kcal surplus is sufficient to build muscle without excessive fat gain.
C0119,S36,Strength Training,Recovery,ACSM Position Stand - Recovery and Adaptation in Resistance Training,American College of Sports Medicine,"SOURCE: ACSM Position Stand - Recovery and Adaptation in Resistance Training - A Comprehensive Review (2022) ORGANIZATION: American College of Sports Medicine (ACSM) CATEGORY: Strength Training - Recovery ------------------------------------------------------------ OVERVIEW This ACSM position stand synthesizes over 200 peer-reviewed studies on recovery from resistance training, covering the biological mechanisms of muscle adaptation, evidence-based recovery strategies, and the role of individual variation in recovery capacity. THE BIOLOGY OF RECOVERY AND ADAPTATION 1. Supercompensation Principle - Training applies a stress that temporarily reduces performance (fatigue/damage phase). - During recovery, the body rebuilds beyond its previous capacity (supercompensation). - The next training session should be timed to hit the supercompensation peak. Train too soon = cumulative fatigue. Train too late = return to baseline. - For beginners: supercompensation window is 48–72 hours for most muscle groups. - For advanced lifters using heavy loads: 72–96 hours for lower body compound movements. 2. Molecular Mechanisms -"
C0120,S36,Strength Training,Recovery,ACSM Position Stand - Recovery and Adaptation in Resistance Training,American College of Sports Medicine,- For beginners: supercompensation window is 48–72 hours for most muscle groups. - For advanced lifters using heavy loads: 72–96 hours for lower body compound movements. 2. Molecular Mechanisms - Muscle protein synthesis (MPS) is elevated for 24–48 hours after a resistance training session. - Combining resistance exercise with adequate protein maximizes MPS response. - Inflammation (necessary for adaptation) peaks at 12–24 hours and resolves by 72 hours with proper nutrition and sleep. EVIDENCE-BASED RECOVERY MODALITIES — RANKED BY EVIDENCE STRENGTH 1. Sleep (Strongest Evidence — Grade A) - Non-negotiable. 8+ hours for strength athletes. - Growth hormone secretion during deep sleep is critical for muscle protein synthesis. - Sleep restriction to 5 hours/night for 5 days reduces testosterone by 10–15%. 2. Nutrition Timing (Strong Evidence — Grade A) - Post-workout protein: 20–40 g within 2 hours. - Carbohydrates post-workout: 0.5–1.0 g/kg to replenish glycogen. - Total daily protein: 1.6–2.2
C0121,S36,Strength Training,Recovery,ACSM Position Stand - Recovery and Adaptation in Resistance Training,American College of Sports Medicine,"10–15%. 2. Nutrition Timing (Strong Evidence — Grade A) - Post-workout protein: 20–40 g within 2 hours. - Carbohydrates post-workout: 0.5–1.0 g/kg to replenish glycogen. - Total daily protein: 1.6–2.2 g/kg/day. 3. Active Recovery (Good Evidence — Grade B) - Light aerobic work (cycling, walking, swimming) the day after a heavy session increases blood flow and reduces DOMS without inducing further damage. - Protocol: 20–30 minutes at < 60% VO2max (you can hold a conversation). 4. Cold Water Immersion (Good Evidence — Grade B for Soreness, Caution for Hypertrophy) - CWI effectively reduces DOMS and perceived fatigue. - CAUTION: Chronic CWI after strength training may blunt long-term hypertrophy by suppressing the inflammatory signaling needed for adaptation. Use strategically (high-volume weeks, tournaments) not routinely after every session if hypertrophy is the goal. 5. Foam Rolling/Self-Myofascial Release (Moderate Evidence — Grade C) - Reduces perceived soreness and improves short-term range of motion."
C0122,S36,Strength Training,Recovery,ACSM Position Stand - Recovery and Adaptation in Resistance Training,American College of Sports Medicine,"tournaments) not routinely after every session if hypertrophy is the goal. 5. Foam Rolling/Self-Myofascial Release (Moderate Evidence — Grade C) - Reduces perceived soreness and improves short-term range of motion. - Does not significantly accelerate physiological recovery, but improves movement quality for the next session. 6. Compression Garments (Moderate Evidence — Grade C) - Reduces perceived soreness, especially in legs post-lower body workout. - Best benefit with 12–24 hours of continuous wear after training. DELOAD SCIENCE - A formal deload (50% volume reduction) every 4–8 weeks prevents accumulated fatigue from masking fitness gains. - Post-deload performance typically exceeds pre-deload performance (supercompensation at the mesocycle level). - Deload does NOT mean no training. Reduce volume, maintain intensity. INDIVIDUAL VARIATION IN RECOVERY - Age: Recovery capacity decreases after ~35. Older athletes may need 72–96 hours between sessions for the same muscle group. - Training history: More trained = faster recovery per session,"
C0123,S36,Strength Training,Recovery,ACSM Position Stand - Recovery and Adaptation in Resistance Training,American College of Sports Medicine,"- Age: Recovery capacity decreases after ~35. Older athletes may need 72–96 hours between sessions for the same muscle group. - Training history: More trained = faster recovery per session, but also slower recovery from true maximum effort. - Nutrition status: Caloric deficit significantly extends recovery time. Prioritize adequate energy intake. - Stress and sleep: Work, life stress, and poor sleep are the #1 non-training factors slowing recovery. KEY TAKEAWAYS - Sleep 8+ hours nightly — it is irreplaceable. - Post-workout protein (20–40 g) within 2 hours maximizes MPS. - Use CWI for soreness reduction during heavy training weeks, but avoid routinely if hypertrophy is the goal. - Deload every 4–8 weeks. Post-deload performance exceeds pre-deload performance consistently. - Individual factors (age, stress, sleep quality) matter as much as the program."
